o[0],o[1],o[2],o[3],o[4],o[5],o[6],o[7],a
0.006795120425522327,1.4046261310577393,0.6882631778717041,-0.27974799275398254,-0.007867122069001198,-0.15590180456638336,0.0,0.0,1
0.013498688116669655,1.3977469205856323,0.6758003234863281,-0.3057824671268463,-0.013259116560220718,-0.10784932225942612,0.0,0.0,1
0.020133590325713158,1.3902631998062134,0.6671949625015259,-0.33264902234077454,-0.016919752582907677,-0.07321970164775848,0.0,0.0,1
0.026684951037168503,1.3821908235549927,0.6567106246948242,-0.358794242143631,-0.0184724573045969,-0.031056543812155724,0.0,0.0,1
0.033176325261592865,1.373518943786621,0.6491894125938416,-0.3854197859764099,-0.018516553565859795,-0.000882400490809232,0.0,0.0,1
0.03957939147949219,1.3642594814300537,0.6380968689918518,-0.41150668263435364,-0.016332827508449554,0.04367869347333908,0.0,0.0,1
0.045894622802734375,1.354405164718628,0.6270868182182312,-0.43792736530303955,-0.011942707933485508,0.08781036734580994,0.0,0.0,1
0.052123069763183594,1.3439555168151855,0.6161975264549255,-0.46438542008399963,-0.005372681654989719,0.13141284883022308,0.0,0.0,1
0.058289527893066406,1.3329018354415894,0.6084229946136475,-0.49126970767974854,0.0027498716954141855,0.1624661535024643,0.0,0.0,1
0.064361572265625,1.3212456703186035,0.5966017842292786,-0.5181003212928772,0.01323620043694973,0.209745854139328,0.0,0.0,1
0.07035970687866211,1.3089889287948608,0.5873386263847351,-0.5449004769325256,0.025571031495928764,0.24671924114227295,0.0,0.0,0
0.07635736465454102,1.2961342334747314,0.5873018503189087,-0.5715801119804382,0.0379035584628582,0.24667322635650635,0.0,0.0,1
0.08227300643920898,1.282676100730896,0.5770206451416016,-0.598572313785553,0.05229123681783676,0.28777962923049927,0.0,0.0,0
0.08818817138671875,1.2686207294464111,0.5769783854484558,-0.6252565383911133,0.0666755959391594,0.28771403431892395,0.0,0.0,0
0.09410257637500763,1.2539678812026978,0.5769373178482056,-0.6519418358802795,0.08105801790952682,0.2876746356487274,0.0,0.0,0
0.10001649707555771,1.2387179136276245,0.576897144317627,-0.6786269545555115,0.09543807804584503,0.287627637386322,0.0,0.0,3
0.1059965118765831,1.2228877544403076,0.5852500200271606,-0.7044259309768677,0.1081095039844513,0.2534518539905548,0.0,0.0,0
0.11197595298290253,1.206459641456604,0.5852165222167969,-0.7311092019081116,0.12077964097261429,0.2534254789352417,0.0,0.0,3
0.11803121864795685,1.1894510984420776,0.5947762727737427,-0.7568343877792358,0.1314951777458191,0.21433019638061523,0.0,0.0,1
0.12399301677942276,1.1718194484710693,0.5830519199371338,-0.7848389148712158,0.1445988416671753,0.26209670305252075,0.0,0.0,3
0.13004598021507263,1.15361750125885,0.594565749168396,-0.8100582957267761,0.15532931685447693,0.21462897956371307,0.0,0.0,3
0.13616132736206055,1.1348289251327515,0.6024202108383179,-0.8360245823860168,0.16445805132389069,0.18259108066558838,0.0,0.0,2
0.1422746628522873,1.11602783203125,0.6019328832626343,-0.8366633057594299,0.17387573421001434,0.18837052583694458,0.0,0.0,2
0.1481943130493164,1.0980546474456787,0.5827004313468933,-0.799920380115509,0.18317276239395142,0.18595711886882782,0.0,0.0,2
0.15410251915454865,1.0802043676376343,0.5812271237373352,-0.794547975063324,0.1928258240222931,0.19307832419872284,0.0,0.0,3
0.16006478667259216,1.0617512464523315,0.5885418653488159,-0.8211559653282166,0.2005726397037506,0.15494586527347565,0.0,0.0,2
0.16587190330028534,1.0437248945236206,0.5727282166481018,-0.8022775650024414,0.20861810445785522,0.16090919077396393,0.0,0.0,2
0.17165526747703552,1.026301622390747,0.5697044134140015,-0.7756136655807495,0.21732325851917267,0.1741030514240265,0.0,0.0,2
0.17725630104541779,1.0096501111984253,0.5514014959335327,-0.7413762807846069,0.2261165976524353,0.1758674681186676,0.0,0.0,2
0.18258991837501526,0.9930481910705566,0.5254360437393188,-0.7391013503074646,0.23415470123291016,0.16076244413852692,0.0,0.0,2
0.18768997490406036,0.9773561954498291,0.5020601749420166,-0.6987053751945496,0.2422216385602951,0.16133862733840942,0.0,0.0,2
0.19249525666236877,0.9624506831169128,0.4728950560092926,-0.6637469530105591,0.24999043345451355,0.15537609159946442,0.0,0.0,2
0.19698934257030487,0.948275625705719,0.4421587884426117,-0.6312577128410339,0.25737932324409485,0.1477777063846588,0.0,0.0,3
0.20156164467334747,0.9335260391235352,0.45199140906333923,-0.6564642786979675,0.2627235949039459,0.10688535869121552,0.0,0.0,2
0.2057647705078125,0.919433057308197,0.415719211101532,-0.6271863579750061,0.26742592453956604,0.09404651820659637,0.0,0.0,2
0.20985174179077148,0.9058293700218201,0.4037446081638336,-0.6055220365524292,0.2724969685077667,0.10142073780298233,0.0,0.0,2
0.2139514982700348,0.8923952579498291,0.40435394644737244,-0.5981298685073853,0.27826300263404846,0.11532125622034073,0.0,0.0,2
0.21808986365795135,0.8790795207023621,0.40746575593948364,-0.5930390954017639,0.284808486700058,0.13090987503528595,0.0,0.0,2
0.2219233512878418,0.8661571145057678,0.3774689733982086,-0.575492799282074,0.2908613383769989,0.12105707824230194,0.0,0.0,2
0.22571954131126404,0.8534932136535645,0.3731756806373596,-0.5641334652900696,0.29750779271125793,0.13292822241783142,0.0,0.0,2
0.22937241196632385,0.8413574695587158,0.35848623514175415,-0.5407807230949402,0.3045395016670227,0.14063391089439392,0.0,0.0,3
0.23309354484081268,0.8286662697792053,0.3671802878379822,-0.5650940537452698,0.3096432387828827,0.10207454115152359,0.0,0.0,2
0.2367962896823883,0.8159684538841248,0.36489349603652954,-0.5655006766319275,0.3152232766151428,0.11160057783126831,0.0,0.0,2
0.24028968811035156,0.8036250472068787,0.3439770042896271,-0.5497768521308899,0.3207947611808777,0.11142955720424652,0.0,0.0,2
0.24354572594165802,0.7919343113899231,0.32008397579193115,-0.5208213925361633,0.3265421986579895,0.11494846642017365,0.0,0.0,2
0.2464558631181717,0.7803382873535156,0.2863038182258606,-0.5164511799812317,0.33146214485168457,0.09839878976345062,0.0,0.0,2
0.24922733008861542,0.7693934440612793,0.2718145549297333,-0.4876718819141388,0.3370298445224762,0.11135414987802505,0.0,0.0,3
0.25209206342697144,0.7578889727592468,0.2835546135902405,-0.5119953751564026,0.3400861918926239,0.0611267164349556,0.0,0.0,2
0.2545199394226074,0.747015118598938,0.24047985672950745,-0.48382923007011414,0.34250354766845703,0.048347219824790955,0.0,0.0,2
0.25685080885887146,0.7363349199295044,0.23040005564689636,-0.47531524300575256,0.3453197479248047,0.0563238263130188,0.0,0.0,2
0.2590827941894531,0.7262100577354431,0.2197718322277069,-0.45081213116645813,0.3489105999469757,0.07181721180677414,0.0,0.0,2
0.26111918687820435,0.7166007161140442,0.1999179720878601,-0.427990585565567,0.35282713174819946,0.07833058387041092,0.0,0.0,3
0.26322993636131287,0.7064214944839478,0.20923879742622375,-0.4528592824935913,0.3547576069831848,0.03860948234796524,0.0,0.0,2
0.2649875581264496,0.6966811418533325,0.17433102428913116,-0.4332598149776459,0.356269508600235,0.030238252133131027,0.0,0.0,2
0.26645946502685547,0.6877133846282959,0.14552882313728333,-0.39898058772087097,0.35801827907562256,0.0349760428071022,0.0,0.0,2
0.26784229278564453,0.6789782643318176,0.13613983988761902,-0.3887653648853302,0.36028051376342773,0.045245178043842316,0.0,0.0,2
0.26907262206077576,0.6701598763465881,0.1209799200296402,-0.3924441635608673,0.3624441623687744,0.04327365383505821,0.0,0.0,2
0.2700362205505371,0.6616769433021545,0.09443363547325134,-0.37750929594039917,0.36447688937187195,0.04065496847033501,0.0,0.0,3
0.27105969190597534,0.6526321172714233,0.10204745829105377,-0.4020703136920929,0.3648013770580292,0.006489978637546301,0.0,0.0,2
0.27196311950683594,0.6438454985618591,0.08962880074977875,-0.3907022774219513,0.36555010080337524,0.014974646270275116,0.0,0.0,2
0.2726261019706726,0.635515034198761,0.0654793530702591,-0.37045010924339294,0.36642488837242126,0.01749567687511444,0.0,0.0,2
0.2731145918369293,0.6277366280555725,0.047521792352199554,-0.3460468351840973,0.36781731247901917,0.02784844860434532,0.0,0.0,2
0.2735534608364105,0.6200129985809326,0.042095381766557693,-0.3437386453151703,0.3697218894958496,0.038091905415058136,0.0,0.0,2
0.27373018860816956,0.6130329966545105,0.015530387870967388,-0.31077438592910767,0.37199243903160095,0.04541053622961044,0.0,0.0,3
0.2739872932434082,0.6055020689964294,0.025712888687849045,-0.3347104489803314,0.37198829650878906,-8.310339035233483e-05,0.0,0.0,2
0.2737659513950348,0.5985431671142578,-0.021423885598778725,-0.3091002404689789,0.37123656272888184,-0.015034581534564495,0.0,0.0,2
0.27317818999290466,0.5923019051551819,-0.0579645112156868,-0.27717897295951843,0.3703792989253998,-0.017145546153187752,0.0,0.0,3
0.27265071868896484,0.5854876041412354,-0.050401169806718826,-0.3022516369819641,0.3678923547267914,-0.049738842993974686,0.0,0.0,2
0.27172335982322693,0.5790602564811707,-0.08979132026433945,-0.2849064767360687,0.36477425694465637,-0.06236172839999199,0.0,0.0,3
0.27084940671920776,0.572070300579071,-0.08296604454517365,-0.3095477521419525,0.36010611057281494,-0.09336283802986145,0.0,0.0,2
0.2696772515773773,0.5650004148483276,-0.11209861934185028,-0.3129463493824005,0.3547121584415436,-0.1078789085149765,0.0,0.0,2
0.2682035565376282,0.5583481788635254,-0.142039954662323,-0.2943471074104309,0.3491000533103943,-0.11224234104156494,0.0,0.0,3
0.26679763197898865,0.5511335134506226,-0.13344110548496246,-0.31893232464790344,0.34160077571868896,-0.14998546242713928,0.0,0.0,1
0.2653227746486664,0.5432832837104797,-0.14213868975639343,-0.34764358401298523,0.33600130677223206,-0.11198943853378296,0.0,0.0,2
0.2636057734489441,0.5363169312477112,-0.16676843166351318,-0.3084787428379059,0.330852746963501,-0.10297060012817383,0.0,0.0,3
0.2619709074497223,0.5287846326828003,-0.15644092857837677,-0.33317074179649353,0.32350605726242065,-0.14693398773670197,0.0,0.0,2
0.26025524735450745,0.5215110182762146,-0.16496972739696503,-0.32181835174560547,0.31664618849754333,-0.13719746470451355,0.0,0.0,2
0.25843390822410583,0.5144365429878235,-0.17582258582115173,-0.3130527436733246,0.31008854508399963,-0.1311526745557785,0.0,0.0,2
0.25649356842041016,0.5078964829444885,-0.1882248818874359,-0.28944382071495056,0.30407384037971497,-0.12029404938220978,0.0,0.0,3
0.2546177804470062,0.5007950663566589,-0.18000248074531555,-0.31405386328697205,0.2962552011013031,-0.15637293457984924,0.0,0.0,2
0.2526518702507019,0.49406421184539795,-0.18946316838264465,-0.29771849513053894,0.28891074657440186,-0.14688900113105774,0.0,0.0,2
0.2505086064338684,0.48731696605682373,-0.20693250000476837,-0.2984241545200348,0.281292200088501,-0.15237107872962952,0.0,0.0,2
0.24816933274269104,0.48137199878692627,-0.22682082653045654,-0.26287442445755005,0.27400311827659607,-0.14578142762184143,0.0,0.0,3
0.2458946257829666,0.47485730051994324,-0.21866407990455627,-0.2879137098789215,0.26497504115104675,-0.1805616170167923,0.0,0.0,2
0.24339866638183594,0.468241810798645,-0.24017973244190216,-0.29234951734542847,0.25536349415779114,-0.1922311782836914,0.0,0.0,2
0.24088630080223083,0.46216249465942383,-0.2426023781299591,-0.2687144875526428,0.24656225740909576,-0.17602431774139404,0.0,0.0,2
0.23805484175682068,0.4567880630493164,-0.2740444242954254,-0.23736350238323212,0.23731224238872528,-0.18500018119812012,0.0,0.0,3
0.23530331254005432,0.45085352659225464,-0.2639084756374359,-0.2619859278202057,0.22590750455856323,-0.22809508442878723,0.0,0.0,2
0.23242473602294922,0.4449015259742737,-0.27640989422798157,-0.262821763753891,0.21433277428150177,-0.2314947545528412,0.0,0.0,2
0.2294580489397049,0.439540833234787,-0.28557735681533813,-0.2366815060377121,0.20314045250415802,-0.22384603321552277,0.0,0.0,3
0.2265620231628418,0.43360233306884766,-0.2766592502593994,-0.26220977306365967,0.1901121586561203,-0.26056593656539917,0.0,0.0,2
0.22360973060131073,0.4284246861934662,-0.28278401494026184,-0.2285747528076172,0.17762093245983124,-0.24982476234436035,0.0,0.0,0
0.22065725922584534,0.42264890670776367,-0.28278037905693054,-0.2552543580532074,0.16512984037399292,-0.24982205033302307,0.0,0.0,2
0.21752195060253143,0.4175683856010437,-0.30085837841033936,-0.22444315254688263,0.15246112644672394,-0.2533741891384125,0.0,0.0,0
0.2143864631652832,0.411889910697937,-0.3008551597595215,-0.2511231601238251,0.1397925764322281,-0.2533714175224304,0.0,0.0,0
0.2112506926059723,0.40561360120773315,-0.3008522093296051,-0.2778032124042511,0.1271241456270218,-0.2533685863018036,0.0,0.0,2
0.2081882506608963,0.39994341135025024,-0.29431623220443726,-0.2510320246219635,0.11526275426149368,-0.23722776770591736,0.0,0.0,0
0.20512571930885315,0.3936751186847687,-0.29431405663490295,-0.2777104079723358,0.10340148955583572,-0.2372254580259323,0.0,0.0,2
0.20184412598609924,0.38747844099998474,-0.3154020309448242,-0.27457600831985474,0.09074685722589493,-0.2530924379825592,0.0,0.0,2
0.19834813475608826,0.3813320994377136,-0.3360113501548767,-0.2724003195762634,0.07728715986013412,-0.2691938579082489,0.0,0.0,2
0.19482317566871643,0.3755891025066376,-0.33900609612464905,-0.2546005845069885,0.0639323741197586,-0.26709577441215515,0.0,0.0,0
0.1912980079650879,0.36924850940704346,-0.3390044867992401,-0.2812822461128235,0.05057774856686592,-0.2670924961566925,0.0,0.0,2
0.18777704238891602,0.3630293607711792,-0.3387167751789093,-0.2760095000267029,0.037354495376348495,-0.2644650936126709,0.0,0.0,2
0.18428859114646912,0.35739800333976746,-0.3357461094856262,-0.2500048279762268,0.024418149143457413,-0.25872716307640076,0.0,0.0,0
0.1808001548051834,0.35116884112358093,-0.3357454538345337,-0.2766856551170349,0.011481942608952522,-0.258724182844162,0.0,0.0,2
0.17712488770484924,0.3449709415435791,-0.35356372594833374,-0.2754150331020355,-0.002294824691489339,-0.2755354642868042,0.0,0.0,2
0.17330951988697052,0.3393993675708771,-0.3669157326221466,-0.2477113902568817,-0.016728175804018974,-0.28866681456565857,0.0,0.0,2
0.16966696083545685,0.3342197835445404,-0.35039812326431274,-0.23041711747646332,-0.03041420876979828,-0.27372080087661743,0.0,0.0,1
0.16592732071876526,0.3284428119659424,-0.3625650703907013,-0.25702300667762756,-0.04166390001773834,-0.22499370574951172,0.0,0.0,2
0.1621839553117752,0.3230908215045929,-0.3628062605857849,-0.23822137713432312,-0.053063128143548965,-0.22798478603363037,0.0,0.0,2
0.15840844810009003,0.3183280825614929,-0.365678608417511,-0.21213802695274353,-0.0648050457239151,-0.2348383218050003,0.0,0.0,2
0.1546827256679535,0.31400737166404724,-0.3607317805290222,-0.19258403778076172,-0.07652541995048523,-0.23440727591514587,0.0,0.0,1
0.15088605880737305,0.3091024160385132,-0.36964160203933716,-0.21854104101657867,-0.08644597977399826,-0.1984114944934845,0.0,0.0,2
0.147160142660141,0.3051111698150635,-0.3625108301639557,-0.17800281941890717,-0.09644435346126556,-0.19996754825115204,0.0,0.0,1
0.14337186515331268,0.3005331754684448,-0.3703399896621704,-0.2040358930826187,-0.10485892742872238,-0.16829153895378113,0.0,0.0,2
0.13975247740745544,0.29643818736076355,-0.35390207171440125,-0.1825876384973526,-0.11284732818603516,-0.1597677767276764,0.0,0.0,1
0.13604870438575745,0.2917526960372925,-0.36448949575424194,-0.20870205760002136,-0.11870545148849487,-0.11716227233409882,0.0,0.0,2
0.1322416365146637,0.2874409854412079,-0.3739820122718811,-0.1921807825565338,-0.12539276480674744,-0.13374613225460052,0.0,0.0,2
0.1283765733242035,0.2831026017665863,-0.3792913854122162,-0.1934403032064438,-0.1325666606426239,-0.143478125333786,0.0,0.0,2
0.12452306598424911,0.2793577313423157,-0.3777160048484802,-0.16713550686836243,-0.14017432928085327,-0.15215301513671875,0.0,0.0,2
0.12071571499109268,0.27650749683380127,-0.37268000841140747,-0.12745939195156097,-0.14821463823318481,-0.1608058214187622,0.0,0.0,1
0.11681918799877167,0.2730734944343567,-0.3838776648044586,-0.15320774912834167,-0.15398581326007843,-0.11542308330535889,0.0,0.0,2
0.11302690207958221,0.2697031497955322,-0.37361064553260803,-0.15038612484931946,-0.1595941036939621,-0.11216595023870468,0.0,0.0,2
0.10914449393749237,0.2665903568267822,-0.3818061947822571,-0.13905048370361328,-0.16603411734104156,-0.12880036234855652,0.0,0.0,2
0.10541381686925888,0.2641901671886444,-0.3666585385799408,-0.10740522295236588,-0.1724509596824646,-0.1283368170261383,0.0,0.0,1
0.10158920288085938,0.26121461391448975,-0.3784787058830261,-0.13271313905715942,-0.17644764482975006,-0.07993371039628983,0.0,0.0,2
0.09806843101978302,0.2589089274406433,-0.34878820180892944,-0.10286899656057358,-0.1797488033771515,-0.06602326780557632,0.0,0.0,2
0.0948391929268837,0.25738951563835144,-0.32019272446632385,-0.06786438077688217,-0.18248802423477173,-0.054784320294857025,0.0,0.0,3
0.09167452156543732,0.2552562654018402,-0.31210047006607056,-0.09535476565361023,-0.1868772804737091,-0.08778519183397293,0.0,0.0,1
0.08842821419239044,0.2525360584259033,-0.32232043147087097,-0.12119437754154205,-0.1891975849866867,-0.046406447887420654,0.0,0.0,2
0.08524294197559357,0.25002044439315796,-0.3160296678543091,-0.1121261864900589,-0.1917072832584381,-0.05019376426935196,0.0,0.0,2
0.08206109702587128,0.24744337797164917,-0.3153889775276184,-0.11489806324243546,-0.19451770186424255,-0.05620834231376648,0.0,0.0,2
0.07919521629810333,0.24543721973896027,-0.2845308482646942,-0.08943412452936172,-0.19659322500228882,-0.04151055961847305,0.0,0.0,1
0.07624635845422745,0.242845356464386,-0.2949105203151703,-0.11519010365009308,-0.19656309485435486,0.0006022381712682545,0.0,0.0,2
0.07332201302051544,0.2401825338602066,-0.29225367307662964,-0.11836858838796616,-0.19674037396907806,-0.0035456158220767975,0.0,0.0,2
0.07056808471679688,0.2374081164598465,-0.2756895124912262,-0.12326402962207794,-0.19643965363502502,0.006014714948832989,0.0,0.0,2
0.06782617419958115,0.23491345345973969,-0.2740194797515869,-0.1108989268541336,-0.19661374390125275,-0.0034818437416106462,0.0,0.0,2
0.06525363773107529,0.2325533926486969,-0.2574051022529602,-0.10486888885498047,-0.1964625120162964,0.0030249641276896,0.0,0.0,2
0.06290330737829208,0.23057593405246735,-0.23559994995594025,-0.08781412988901138,-0.19589528441429138,0.01134469360113144,0.0,0.0,1
0.060462187975645065,0.228031188249588,-0.24703633785247803,-0.11271584779024124,-0.19295170903205872,0.058871228247880936,0.0,0.0,2
0.0581238754093647,0.22643925249576569,-0.23631322383880615,-0.07043241709470749,-0.19045981764793396,0.049837857484817505,0.0,0.0,3
0.055864907801151276,0.2242152988910675,-0.22629377245903015,-0.09879228472709656,-0.1900593638420105,0.008008926175534725,0.0,0.0,2
0.053737543523311615,0.22198070585727692,-0.21338026225566864,-0.09923239797353745,-0.18940453231334686,0.013096772134304047,0.0,0.0,2
0.051758863031864166,0.22021029889583588,-0.19857372343540192,-0.07859360426664352,-0.1886925995349884,0.014238727279007435,0.0,0.0,1
0.04971875995397568,0.21786047518253326,-0.20632095634937286,-0.10414748638868332,-0.1863778531551361,0.046295225620269775,0.0,0.0,2
0.04767465591430664,0.21555370092391968,-0.20632681250572205,-0.10228012502193451,-0.18444804847240448,0.038596056401729584,0.0,0.0,2
0.04579982906579971,0.2135695070028305,-0.18965411186218262,-0.08792059123516083,-0.18227101862430573,0.043540507555007935,0.0,0.0,2
0.044069480150938034,0.21209830045700073,-0.17523472011089325,-0.06511761993169785,-0.1800588071346283,0.04424433037638664,0.0,0.0,1
0.04226045683026314,0.2100532352924347,-0.1851448118686676,-0.09038365632295609,-0.17579925060272217,0.08519116789102554,0.0,0.0,2
0.040487099438905716,0.20891891419887543,-0.1809397041797638,-0.049990516155958176,-0.1721922606229782,0.07213976234197617,0.0,0.0,3
0.038781262934207916,0.2071676105260849,-0.17244590818881989,-0.07762260735034943,-0.17032356560230255,0.03737396001815796,0.0,0.0,2
0.03714561462402344,0.20559747517108917,-0.1653507649898529,-0.06958099454641342,-0.16854387521743774,0.035593751817941666,0.0,0.0,2
0.03568420559167862,0.2048317939043045,-0.14798253774642944,-0.033821024000644684,-0.16669587790966034,0.03695996105670929,0.0,0.0,0
0.03422288969159126,0.2034662365913391,-0.14798259735107422,-0.06048797443509102,-0.16484788060188293,0.03695995360612869,0.0,0.0,2
0.0328243263065815,0.20296134054660797,-0.14125272631645203,-0.02228490263223648,-0.16345250606536865,0.02790784277021885,0.0,0.0,0
0.03142576292157173,0.20185647904872894,-0.1412527710199356,-0.048951733857393265,-0.16205711662769318,0.027907822281122208,0.0,0.0,2
0.029979228973388672,0.2009238600730896,-0.145442396402359,-0.04136431962251663,-0.1612643301486969,0.015855757519602776,0.0,0.0,2
0.028764819726347923,0.20063525438308716,-0.12267651408910751,-0.012694659642875195,-0.16002850234508514,0.02471664361655712,0.0,0.0,0
0.027550410479307175,0.19974662363529205,-0.1226765513420105,-0.03936145454645157,-0.1587926596403122,0.024716634303331375,0.0,0.0,2
0.02653207816183567,0.19881965219974518,-0.10368205606937408,-0.041001781821250916,-0.15693537890911102,0.037145741283893585,0.0,0.0,2
0.025809859856963158,0.19871793687343597,-0.07475374639034271,-0.00425786292180419,-0.15441380441188812,0.0504315085709095,0.0,0.0,1
0.024991417303681374,0.19803494215011597,-0.08682575076818466,-0.029845528304576874,-0.14944082498550415,0.09945990145206451,0.0,0.0,2
0.02420673333108425,0.1979905217885971,-0.08303853124380112,-0.001521910890005529,-0.1448819488286972,0.09117759764194489,0.0,0.0,2
0.02356748655438423,0.19873596727848053,-0.06854400038719177,0.03357375040650368,-0.1402764767408371,0.09210971742868423,0.0,0.0,0
0.022928332909941673,0.19888173043727875,-0.06854437291622162,0.0069053154438734055,-0.135671004652977,0.0921095684170723,0.0,0.0,2
0.022248268127441406,0.19995267689228058,-0.07180486619472504,0.04793786630034447,-0.13188844919204712,0.07565121352672577,0.0,0.0,0
0.02156829833984375,0.20042374730110168,-0.07180510461330414,0.021270006895065308,-0.12810590863227844,0.0756511390209198,0.0,0.0,2
0.021013259887695312,0.20118263363838196,-0.05952717736363411,0.03406933322548866,-0.12409978359937668,0.08012234419584274,0.0,0.0,0
0.020458221435546875,0.20134177803993225,-0.0595274344086647,0.007401323411613703,-0.12009365856647491,0.08012224733829498,0.0,0.0,2
0.020131587982177734,0.2021683305501938,-0.03728368133306503,0.037101808935403824,-0.11550826579332352,0.09170810878276825,0.0,0.0,1
0.01972198486328125,0.2024218887090683,-0.047720592468976974,0.011777711100876331,-0.10878810286521912,0.13440312445163727,0.0,0.0,2
0.01940755918622017,0.20356601476669312,-0.038159824907779694,0.05132303759455681,-0.10213030129671097,0.1331562101840973,0.0,0.0,1
0.01900320127606392,0.204120472073555,-0.04943156614899635,0.02522984705865383,-0.09320492297410965,0.1785074770450592,0.0,0.0,2
0.018483925610780716,0.20466364920139313,-0.06023439019918442,0.024637779220938683,-0.08497772365808487,0.16454410552978516,0.0,0.0,2
0.018014049157500267,0.2059788554906845,-0.055158425122499466,0.05889516323804855,-0.07688167691230774,0.16192086040973663,0.0,0.0,2
0.01746053621172905,0.20808278024196625,-0.06280554085969925,0.09387426823377609,-0.06949998438358307,0.14763347804546356,0.0,0.0,0
0.016907120123505592,0.2095874696969986,-0.06280603259801865,0.06720302999019623,-0.06211833283305168,0.1476329267024994,0.0,0.0,0
0.016353607177734375,0.21049290895462036,-0.06280648708343506,0.04053177684545517,-0.05473670735955238,0.1476323902606964,0.0,0.0,2
0.015989208593964577,0.21170391142368317,-0.044644586741924286,0.05410328879952431,-0.04663615673780441,0.16201099753379822,0.0,0.0,2
0.015772724524140358,0.21289052069187164,-0.030450919643044472,0.052986808121204376,-0.03793494403362274,0.17402420938014984,0.0,0.0,2
0.01570749282836914,0.21455319225788116,-0.015916649252176285,0.07410658150911331,-0.028661619871854782,0.18546633422374725,0.0,0.0,1
0.015546130947768688,0.21561385691165924,-0.02795949950814247,0.047326479107141495,-0.016978900879621506,0.2336544245481491,0.0,0.0,2
0.015538787469267845,0.21660147607326508,-0.013265669345855713,0.043990012258291245,-0.004612877033650875,0.2473204880952835,0.0,0.0,2
0.015555381774902344,0.21761971712112427,-0.010962761007249355,0.04524746909737587,0.0078551871702075,0.24936115741729736,0.0,0.0,2
0.015717888250947,0.21956227719783783,0.0028995536267757416,0.08621670305728912,0.021033531054854393,0.2635667622089386,0.0,0.0,3
0.015967940911650658,0.22090516984462738,0.013885554857552052,0.059494439512491226,0.032012540847063065,0.21958041191101074,0.0,0.0,3
0.01631450653076172,0.2216537594795227,0.025994250550866127,0.033061761409044266,0.04056496545672417,0.17104855179786682,0.0,0.0,2
0.016571426764130592,0.22273007035255432,0.017341848462820053,0.047584373503923416,0.04881948232650757,0.16509023308753967,0.0,0.0,2
0.01675271987915039,0.22463364899158478,0.009919906966388226,0.08431421220302582,0.056939251720905304,0.16239532828330994,0.0,0.0,3
0.0170122142881155,0.2259402871131897,0.01972479745745659,0.05782495439052582,0.06309482455253601,0.12311140447854996,0.0,0.0,2
0.017312336713075638,0.22781433165073395,0.023378167301416397,0.08299417793750763,0.06966464221477509,0.13139645755290985,0.0,0.0,2
0.017463017255067825,0.23033060133457184,0.008845789358019829,0.11153096705675125,0.0758107453584671,0.12292206287384033,0.0,0.0,3
0.017687510699033737,0.23225563764572144,0.018143603578209877,0.08533480763435364,0.08008671551942825,0.08551956713199615,0.0,0.0,2
0.018050575628876686,0.23430326581001282,0.031161751598119736,0.09071896225214005,0.0851782038807869,0.10182951390743256,0.0,0.0,2
0.018213843926787376,0.2367609590291977,0.011845541186630726,0.10897037386894226,0.08961420506238937,0.08872007578611374,0.0,0.0,2
0.018160725012421608,0.23925906419754028,-0.008958081714808941,0.11080421507358551,0.0932309553027153,0.07233501970767975,0.0,0.0,2
0.018128681927919388,0.24175579845905304,-0.007122705224901438,0.11071383208036423,0.09711610525846481,0.07770314812660217,0.0,0.0,2
0.01818065717816353,0.244219571352005,0.000719425908755511,0.10920505225658417,0.10155699402093887,0.08881765604019165,0.0,0.0,2
0.018184948712587357,0.24707487225532532,-0.004126943182200193,0.12658292055130005,0.10608868300914764,0.0906335711479187,0.0,0.0,3
0.01828308030962944,0.24935203790664673,0.007651263382285833,0.10105236619710922,0.1082293912768364,0.042814113199710846,0.0,0.0,2
0.01837768591940403,0.2520945370197296,0.006968653295189142,0.1217094212770462,0.11070875823497772,0.04958736151456833,0.0,0.0,1
0.018385792151093483,0.254221647977829,-0.003902466967701912,0.09418252110481262,0.11538774520158768,0.09357989579439163,0.0,0.0,2
0.018485546112060547,0.2564889192581177,0.0045780157670378685,0.10034358501434326,0.12074990570545197,0.1072431430220604,0.0,0.0,2
0.018366241827607155,0.2587394118309021,-0.01652631349861622,0.09963905066251755,0.1253236085176468,0.09147365391254425,0.0,0.0,2
0.018309593200683594,0.26164692640304565,-0.011034243740141392,0.12876084446907043,0.13066834211349487,0.10689498484134674,0.0,0.0,3
0.018317794427275658,0.26397114992141724,-0.002875418169423938,0.10297079384326935,0.13434992730617523,0.07363129407167435,0.0,0.0,2
0.018443871289491653,0.266324907541275,0.008115439675748348,0.10419821739196777,0.13883118331432343,0.08962511271238327,0.0,0.0,2
0.01844615861773491,0.26878952980041504,-0.004006175324320793,0.10914229601621628,0.14304836094379425,0.08434351533651352,0.0,0.0,2
0.018214892596006393,0.2720748484134674,-0.026915181428194046,0.14564360678195953,0.14682075381278992,0.07544822990894318,0.0,0.0,0
0.017983531579375267,0.274760365486145,-0.026914918795228004,0.11897575110197067,0.15059314668178558,0.07544814050197601,0.0,0.0,3
0.017821693792939186,0.2768702805042267,-0.018146846443414688,0.09357345849275589,0.15255776047706604,0.03929189592599869,0.0,0.0,2
0.017641067504882812,0.2798137068748474,-0.02062169834971428,0.13055337965488434,0.15510684251785278,0.05098208039999008,0.0,0.0,0
0.017460346221923828,0.28215718269348145,-0.020621569827198982,0.10388617217540741,0.15765593945980072,0.0509820356965065,0.0,0.0,2
0.017211532220244408,0.2851194739341736,-0.0277155302464962,0.1313551962375641,0.1604832410812378,0.056546084582805634,0.0,0.0,0
0.016962623223662376,0.2874819040298462,-0.027715370059013367,0.10468786209821701,0.16331052780151367,0.05654603987932205,0.0,0.0,2
0.016626358032226562,0.29029107093811035,-0.03658192604780197,0.12452566623687744,0.16626331210136414,0.059055667370557785,0.0,0.0,3
0.016382599249482155,0.2925266623497009,-0.024934841319918633,0.09929559379816055,0.16682596504688263,0.011252639815211296,0.0,0.0,2
0.01591520383954048,0.2955024838447571,-0.046968765556812286,0.13223199546337128,0.1670546531677246,0.0045737819746136665,0.0,0.0,0
0.015447711572051048,0.2978782653808594,-0.046968765556812286,0.10556533187627792,0.1672833412885666,0.004573735408484936,0.0,0.0,0
0.014980316162109375,0.2996540367603302,-0.046968765556812286,0.07889866828918457,0.16751202940940857,0.00457371911033988,0.0,0.0,2
0.01424551010131836,0.301973819732666,-0.07307581603527069,0.10314761847257614,0.16710975766181946,-0.008045275695621967,0.0,0.0,0
0.013510704040527344,0.30369365215301514,-0.07307581603527069,0.076480932533741,0.16670750081539154,-0.00804530642926693,0.0,0.0,0
0.012775897979736328,0.3048134744167328,-0.0730758085846901,0.04981425032019615,0.16630522906780243,-0.008045301772654057,0.0,0.0,2
0.011931419372558594,0.30666491389274597,-0.0842256098985672,0.082311250269413,0.16608183085918427,-0.0044678207486867905,0.0,0.0,0
0.011086845770478249,0.3079163134098053,-0.0842256098985672,0.055644579231739044,0.1658584624528885,-0.004467801656574011,0.0,0.0,2
0.00998544692993164,0.3099289834499359,-0.10944411903619766,0.08953048288822174,0.16515590250492096,-0.014051239006221294,0.0,0.0,3
0.00894861202687025,0.31136971712112427,-0.10127260535955429,0.06429702043533325,0.1627499908208847,-0.04811819642782211,0.0,0.0,0
0.007911873050034046,0.3122105002403259,-0.10127248615026474,0.0376298688352108,0.16034406423568726,-0.04811819642782211,0.0,0.0,2
0.006631374359130859,0.313772052526474,-0.12517563998699188,0.06971009820699692,0.15747594833374023,-0.057362258434295654,0.0,0.0,3
0.00541610736399889,0.3147539496421814,-0.11696414649486542,0.04411327838897705,0.15292030572891235,-0.09111304581165314,0.0,0.0,3
0.004279422573745251,0.3151509165763855,-0.1070995181798935,0.018303023651242256,0.14636296033859253,-0.13114666938781738,0.0,0.0,2
0.0028352737426757812,0.31646111607551575,-0.13711665570735931,0.05893001705408096,0.1390792578458786,-0.14567413926124573,0.0,0.0,3
0.0014625549083575606,0.3171772360801697,-0.12815842032432556,0.03265363350510597,0.129998579621315,-0.18161369860172272,0.0,0.0,3
0.0001791000395314768,0.3173059821128845,-0.11694079637527466,0.006675987038761377,0.11865673959255219,-0.22683671116828918,0.0,0.0,2
-0.0010425567161291838,0.3179076611995697,-0.11142311990261078,0.02755865268409252,0.10798981040716171,-0.2133387327194214,0.0,0.0,3
-0.002166748046875,0.31791508197784424,-0.09920333325862885,0.0012325874995440245,0.09487627446651459,-0.2622707188129425,0.0,0.0,2
-0.0034901618491858244,0.31837257742881775,-0.11849689483642578,0.021153664216399193,0.08115241676568985,-0.27447715401649475,0.0,0.0,3
-0.004737472627311945,0.31825119256973267,-0.1089097261428833,-0.004609956406056881,0.06548736244440079,-0.3133012652397156,0.0,0.0,0
-0.005985069088637829,0.31753307580947876,-0.10890742391347885,-0.03129725903272629,0.04982258006930351,-0.31329596042633057,0.0,0.0,2
-0.007222366519272327,0.31712043285369873,-0.10806957632303238,-0.017892615869641304,0.03434355556964874,-0.3095807433128357,0.0,0.0,0
-0.008459853939712048,0.3161109983921051,-0.10806827247142792,-0.04457947239279747,0.018864767625927925,-0.3095756769180298,0.0,0.0,2
-0.009591865353286266,0.31516557931900024,-0.09805963188409805,-0.04189746826887131,0.003911501727998257,-0.299064964056015,0.0,0.0,2
-0.010718917474150658,0.3145027458667755,-0.09759107977151871,-0.029486706480383873,-0.011007847264409065,-0.2983873188495636,0.0,0.0,2
-0.01166753750294447,0.31388604640960693,-0.0805596113204956,-0.02757258340716362,-0.025124330073595047,-0.28232938051223755,0.0,0.0,2
-0.012772465124726295,0.31370967626571655,-0.09538166224956512,-0.008164349012076855,-0.04004339873790741,-0.2983815670013428,0.0,0.0,0
-0.013877296820282936,0.31293612718582153,-0.09538255631923676,-0.03484977409243584,-0.05496223270893097,-0.29837697744369507,0.0,0.0,0
-0.014982032589614391,0.311565637588501,-0.09538387507200241,-0.06153518706560135,-0.06988084316253662,-0.298372358083725,0.0,0.0,2
-0.016165543347597122,0.3106064796447754,-0.10268978774547577,-0.04342981427907944,-0.08538010716438293,-0.3099859356880188,0.0,0.0,0
-0.017348766326904297,0.3090505599975586,-0.10269211232662201,-0.07011667639017105,-0.10087916254997253,-0.3099808096885681,0.0,0.0,2
-0.018335914239287376,0.30794864892959595,-0.08367782086133957,-0.05005049705505371,-0.11580326408147812,-0.2984820008277893,0.0,0.0,0
-0.019322872161865234,0.3062497675418854,-0.08368084579706192,-0.07673584669828415,-0.1307271122932434,-0.298477441072464,0.0,0.0,2
-0.02030639722943306,0.3049025237560272,-0.08300237357616425,-0.06129324063658714,-0.14601753652095795,-0.305808424949646,0.0,0.0,0
-0.021289635449647903,0.3029583692550659,-0.08300643414258957,-0.08797944337129593,-0.161307692527771,-0.30580347776412964,0.0,0.0,2
-0.022231291979551315,0.3015970289707184,-0.07849619537591934,-0.06227870658040047,-0.17699366807937622,-0.31371980905532837,0.0,0.0,0
-0.023172568529844284,0.29963886737823486,-0.07850141823291779,-0.08896584063768387,-0.19267939031124115,-0.31371450424194336,0.0,0.0,2
-0.023790549486875534,0.2985665798187256,-0.046805549412965775,-0.04967643320560455,-0.20777545869350433,-0.30192166566848755,0.0,0.0,0
-0.02440824545919895,0.2968972325325012,-0.046811264008283615,-0.07636193931102753,-0.22287128865718842,-0.3019168972969055,0.0,0.0,2
-0.02479991875588894,0.2958221435546875,-0.02447257936000824,-0.05007171258330345,-0.23776215314865112,-0.297817587852478,0.0,0.0,0
-0.025191117078065872,0.29414987564086914,-0.024478968232870102,-0.07675659656524658,-0.25265276432037354,-0.2978129982948303,0.0,0.0,1
-0.02566986158490181,0.29191553592681885,-0.03558409959077835,-0.10147237777709961,-0.2652052342891693,-0.25104913115501404,0.0,0.0,2
-0.025800609961152077,0.2902897000312805,-0.0013840923784300685,-0.07442613691091537,-0.27718156576156616,-0.23952659964561462,0.0,0.0,1
-0.02601642534136772,0.28810015320777893,-0.012137146666646004,-0.09913195669651031,-0.2868836224079132,-0.1940412074327469,0.0,0.0,1
-0.026294518262147903,0.28534018993377686,-0.020039018243551254,-0.124214768409729,-0.2948983907699585,-0.16029463708400726,0.0,0.0,2
-0.026325130835175514,0.2832481563091278,0.0047423215582966805,-0.09457977861166,-0.3029537796974182,-0.16110759973526,0.0,0.0,1
-0.02642803266644478,0.2805926203727722,-0.004413510672748089,-0.11926110088825226,-0.30903515219688416,-0.12162735313177109,0.0,0.0,1
-0.026597309857606888,0.2773648798465729,-0.012772617861628532,-0.14434361457824707,-0.31333982944488525,-0.08609360456466675,0.0,0.0,1
-0.026828575879335403,0.2735784649848938,-0.020681265741586685,-0.168815478682518,-0.31588196754455566,-0.0508425310254097,0.0,0.0,1
-0.027131175622344017,0.2692294120788574,-0.029701855033636093,-0.19341617822647095,-0.31646448373794556,-0.011650326661765575,0.0,0.0,1
-0.02751598320901394,0.2643105387687683,-0.04001281410455704,-0.21828366816043854,-0.3148733973503113,0.031821660697460175,0.0,0.0,1
-0.02797546423971653,0.2588185966014862,-0.049385640770196915,-0.24334576725959778,-0.3113101124763489,0.07126571983098984,0.0,0.0,1
-0.0285016056150198,0.25274837017059326,-0.05773298814892769,-0.26869791746139526,-0.3060036599636078,0.10612877458333969,0.0,0.0,2
-0.02879009209573269,0.24719546735286713,-0.03398916497826576,-0.24572518467903137,-0.3006872832775116,0.10632751137018204,0.0,0.0,2
-0.028848648071289062,0.2417520135641098,-0.011362681165337563,-0.24080130457878113,-0.295003741979599,0.11367058753967285,0.0,0.0,1
-0.0289764404296875,0.2357516586780548,-0.020183097571134567,-0.2652006447315216,-0.28738081455230713,0.15245869755744934,0.0,0.0,2
-0.02887124940752983,0.23041334748268127,0.0031754635274410248,-0.23582877218723297,-0.2798272669315338,0.15107181668281555,0.0,0.0,2
-0.028496170416474342,0.2254156470298767,0.029757101088762283,-0.22065448760986328,-0.2718757092952728,0.15903103351593018,0.0,0.0,1
-0.02818765677511692,0.21985259652137756,0.02131623588502407,-0.24550549685955048,-0.26211148500442505,0.19528433680534363,0.0,0.0,2
-0.027484798803925514,0.21514950692653656,0.06014176458120346,-0.20724572241306305,-0.2517530918121338,0.2071678340435028,0.0,0.0,1
-0.02687549591064453,0.20988823473453522,0.048281773924827576,-0.2317201793193817,-0.23888804018497467,0.2573011517524719,0.0,0.0,2
-0.026079749688506126,0.20555248856544495,0.06716679781675339,-0.19073434174060822,-0.2262980341911316,0.25180038809776306,0.0,0.0,2
-0.0252972599118948,0.2011965811252594,0.06625152379274368,-0.1918034553527832,-0.21416915953159332,0.24257726967334747,0.0,0.0,2
-0.024485301226377487,0.19705897569656372,0.06957858055830002,-0.18225376307964325,-0.2024427205324173,0.23452918231487274,0.0,0.0,1
-0.023739051073789597,0.19234879314899445,0.06123226135969162,-0.20756645500659943,-0.1889760047197342,0.26933470368385315,0.0,0.0,2
-0.02301960065960884,0.18791621923446655,0.05915256589651108,-0.19542363286018372,-0.17613880336284637,0.256744384765625,0.0,0.0,2
-0.02228384092450142,0.1836235374212265,0.06108299642801285,-0.18934988975524902,-0.16362692415714264,0.2502376139163971,0.0,0.0,2
-0.021492863073945045,0.17990650236606598,0.06692159175872803,-0.16390372812747955,-0.15145345032215118,0.24346932768821716,0.0,0.0,1
-0.020763302221894264,0.17559722065925598,0.059205032885074615,-0.19018293917179108,-0.13773038983345032,0.27446112036705017,0.0,0.0,2
-0.01975431479513645,0.17176373302936554,0.08628914505243301,-0.16909058392047882,-0.123183973133564,0.2909282445907593,0.0,0.0,1
-0.018817614763975143,0.16733688116073608,0.07720308750867844,-0.19547207653522491,-0.10681873559951782,0.3273046910762787,0.0,0.0,2
-0.01769561693072319,0.16336657106876373,0.09518877416849136,-0.17532943189144135,-0.08994996547698975,0.33737534284591675,0.0,0.0,1
-0.01665668562054634,0.1588006615638733,0.08476538956165314,-0.20188909769058228,-0.07099895179271698,0.3790203630924225,0.0,0.0,2
-0.015664387494325638,0.15486003458499908,0.0805598646402359,-0.17435236275196075,-0.0525316447019577,0.3693462610244751,0.0,0.0,1
-0.01475744228810072,0.15032222867012024,0.06982637196779251,-0.20107749104499817,-0.03191942349076271,0.41224440932273865,0.0,0.0,2
-0.013978195376694202,0.14673401415348053,0.05780389904975891,-0.15916720032691956,-0.012049778364598751,0.39739304780960083,0.0,0.0,1
-0.01328353863209486,0.14255598187446594,0.04717814177274704,-0.18565399944782257,0.009947827085852623,0.43995213508605957,0.0,0.0,2
-0.01257171668112278,0.13851328194141388,0.04879840090870857,-0.17997528612613678,0.03204652667045593,0.44197410345077515,0.0,0.0,2
-0.011874961666762829,0.13494008779525757,0.04727383702993393,-0.15943481028079987,0.054180409759283066,0.4426778256893158,0.0,0.0,2
-0.011251544579863548,0.1314549297094345,0.04019857197999954,-0.1558430939912796,0.07609012722969055,0.4381943643093109,0.0,0.0,2
-0.010631084442138672,0.12840643525123596,0.039700575172901154,-0.13677701354026794,0.09822763502597809,0.4427505433559418,0.0,0.0,2
-0.010044192895293236,0.12620516121387482,0.036118581891059875,-0.09946849197149277,0.12064757198095322,0.44839876890182495,0.0,0.0,2
-0.009482955560088158,0.1244497150182724,0.03333079069852829,-0.08001625537872314,0.14333601295948029,0.45376911759376526,0.0,0.0,2
-0.009174823760986328,0.12297728657722473,0.008870967663824558,-0.06769821047782898,0.1652548611164093,0.43837714195251465,0.0,0.0,2
-0.00877599697560072,0.12153497338294983,0.017277924343943596,-0.06677362322807312,0.18790492415428162,0.4530014097690582,0.0,0.0,2
-0.00843038596212864,0.12071872502565384,0.011602253653109074,-0.03935648500919342,0.21101830899715424,0.4622681140899658,0.0,0.0,0
-0.00808572769165039,0.11930931359529495,0.01161565724760294,-0.06606736034154892,0.2341308444738388,0.46225112676620483,0.0,0.0,0
-0.0077422140166163445,0.11730681359767914,0.011630593799054623,-0.09277801960706711,0.2572425305843353,0.46223410964012146,0.0,0.0,2
-0.007675456814467907,0.11521733552217484,-0.015099572017788887,-0.09683915972709656,0.27951839566230774,0.4455171227455139,0.0,0.0,2
-0.007812118623405695,0.11364484578371048,-0.035330064594745636,-0.07418986409902573,0.30184000730514526,0.4464324414730072,0.0,0.0,0
-0.007950020022690296,0.11147883534431458,-0.035311974585056305,-0.10089683532714844,0.3241608738899231,0.44641709327697754,0.0,0.0,0
-0.00808935146778822,0.10871895402669907,-0.03529253974556923,-0.12760351598262787,0.34648096561431885,0.4464017450809479,0.0,0.0,0
-0.008230209350585938,0.1053653359413147,-0.035271771252155304,-0.1543099284172058,0.3688002824783325,0.4463863968849182,0.0,0.0,0
-0.008372592739760876,0.10141783952713013,-0.035249676555395126,-0.1810159981250763,0.3911188244819641,0.44637101888656616,0.0,0.0,0
-0.008516693487763405,0.09687653183937073,-0.03522627428174019,-0.2077217400074005,0.413436621427536,0.4463557302951813,0.0,0.0,0
-0.008662509731948376,0.09174128621816635,-0.03520156815648079,-0.23442713916301727,0.43575364351272583,0.4463403820991516,0.0,0.0,0
-0.008810138329863548,0.08601201325654984,-0.035175569355487823,-0.261132150888443,0.4580698609352112,0.44632500410079956,0.0,0.0,0
-0.00895986519753933,0.07968872785568237,-0.035148296505212784,-0.2878367304801941,0.48038533329963684,0.4463096261024475,0.0,0.0,0
-0.009111595340073109,0.07277127355337143,-0.035119760781526566,-0.31454092264175415,0.5027000308036804,0.44629424810409546,0.0,0.0,0
-0.009265422821044922,0.06525958329439163,-0.03508997708559036,-0.3412446677684784,0.5250139832496643,0.4462788999080658,0.0,0.0,0
-0.009421443566679955,0.05715359374880791,-0.03505896031856537,-0.3679479658603668,0.5473271608352661,0.4462636113166809,0.0,0.0,0
-0.009434223175048828,0.04995962232351303,-0.007184677757322788,-0.3220289647579193,0.5545457005500793,0.1449669897556305,0.0,1.0,2
-0.009994315914809704,0.043406590819358826,-0.05669466406106949,-0.29152604937553406,0.5553368926048279,0.015828026458621025,0.0,1.0,2
-0.010744953528046608,0.03845737874507904,-0.06714002043008804,-0.21783022582530975,0.5405425429344177,-0.3040012717247009,0.0,1.0,2
-0.01198434829711914,0.034635696560144424,-0.09533530473709106,-0.1588110476732254,0.5078492760658264,-0.6539456844329834,0.0,1.0,2
-0.013529014773666859,0.03204146400094032,-0.1140088215470314,-0.10108738392591476,0.4620985686779022,-0.9157912135124207,0.0,1.0,2
-0.015491485595703125,0.030335579067468643,-0.1496703326702118,-0.061236672103405,0.4112595021724701,-1.0168282985687256,0.0,1.0,2
-0.017452050000429153,0.028700217604637146,-0.1506536602973938,-0.06027771532535553,0.36278119683265686,-0.9696130752563477,0.0,1.0,0
-0.01941709592938423,0.02649293839931488,-0.1503697633743286,-0.08720547705888748,0.3144373297691345,-0.9669135808944702,0.0,0.0,2
-0.021586323156952858,0.024909935891628265,-0.17035165429115295,-0.06100999563932419,0.26639148592948914,-0.9609549641609192,0.0,0.0,0
-0.023760508745908737,0.02275751531124115,-0.17022791504859924,-0.0878218337893486,0.2183578610420227,-0.9607099294662476,0.0,0.0,0
-0.02593851089477539,0.020036039873957634,-0.17011772096157074,-0.11463386565446854,0.17033250629901886,-0.9605448842048645,0.0,0.0,0
-0.028119564056396484,0.01674564927816391,-0.1700163036584854,-0.1414518803358078,0.12231684476137161,-0.9603511691093445,0.0,0.0,0
-0.03030233457684517,0.01288655772805214,-0.169925257563591,-0.1682737022638321,0.07431086897850037,-0.9601576924324036,0.0,0.0,0
-0.03248605877161026,0.008458695374429226,-0.16984498500823975,-0.1950991302728653,0.026314564049243927,-0.9599642753601074,0.0,0.0,0
-0.03466958925127983,0.0034622407983988523,-0.16977576911449432,-0.2219277173280716,-0.021672097966074944,-0.9597712755203247,0.0,0.0,0
-0.03685197979211807,-0.0021030926145613194,-0.16971789300441742,-0.2487592250108719,-0.0696491226553917,-0.9595786333084106,1.0,0.0,0
-0.03898115083575249,-0.007597329560667276,-0.17984911799430847,-0.2463649958372116,-0.09927041083574295,-0.5883983969688416,1.0,0.0,0
-0.04095745086669922,-0.013074686750769615,-0.18680183589458466,-0.24418312311172485,-0.11008106917142868,-0.21629884839057922,1.0,0.0,2
-0.042659856379032135,-0.01782412827014923,-0.1789906919002533,-0.21045520901679993,-0.10142724215984344,0.17302608489990234,1.0,0.0,2
-0.044245146214962006,-0.02189035713672638,-0.18611805140972137,-0.1790698915719986,-0.07409173250198364,0.5467005372047424,1.0,1.0,2
-0.045714281499385834,-0.024536337703466415,-0.17311730980873108,-0.11667045950889587,-0.049249108880758286,0.49549636244773865,1.0,1.0,2
-0.04722318798303604,-0.025977792218327522,-0.17090967297554016,-0.06353740394115448,-0.02947601117193699,0.39545515179634094,1.0,1.0,2
-0.04857597500085831,-0.02654252201318741,-0.1493615210056305,-0.024887649342417717,-0.015577255748212337,0.2779691517353058,1.0,1.0,0
-0.04990854114294052,-0.026822224259376526,-0.14093470573425293,-0.012372487224638462,-0.008014611899852753,0.15125003457069397,1.0,1.0,0
-0.05120096355676651,-0.02678098902106285,-0.1322070062160492,0.0018465020693838596,-0.005094480235129595,0.058401308953762054,1.0,1.0,0
-0.05243120342493057,-0.02637651190161705,-0.1231381893157959,0.017978966236114502,-0.004982342477887869,0.002242115093395114,1.0,1.0,0
-0.0535825714468956,-0.025596847757697105,-0.1140032634139061,0.03464752063155174,-0.0060969083569943905,-0.022291405126452446,1.0,1.0,0
-0.05464591830968857,-0.024485483765602112,-0.10529951006174088,0.049391474574804306,-0.00712976697832346,-0.020654138177633286,1.0,1.0,0
-0.055624864995479584,-0.02312714047729969,-0.09738657623529434,0.060370005667209625,-0.007624791469424963,-0.009896321222186089,1.0,1.0,0
-0.05653057247400284,-0.021630575880408287,-0.0904676541686058,0.06651449203491211,-0.007727933581918478,-0.0020579053089022636,1.0,1.0,0
-0.05737657472491264,-0.020110120996832848,-0.08458982408046722,0.06757698953151703,-0.007734321989119053,-0.0001226125459652394,1.0,1.0,0
-0.05817384645342827,-0.018668487668037415,-0.07965091615915298,0.06407369673252106,-0.007812622003257275,-0.001561289536766708,1.0,1.0,0
-0.05892963334918022,-0.01738317310810089,-0.07542458921670914,0.05712628364562988,-0.007964253425598145,-0.003028960432857275,1.0,1.0,0
-0.0596470832824707,-0.016298092901706696,-0.07160554081201553,0.04822631552815437,-0.008107147179543972,-0.0028555470053106546,1.0,1.0,0
-0.060326289385557175,-0.015421404503285885,-0.06786535680294037,0.038963306695222855,-0.008166124112904072,-0.0011790754506364465,1.0,1.0,0
-0.06096487119793892,-0.014729180373251438,-0.06390702724456787,0.030765853822231293,-0.008115177042782307,0.0010175722418352962,1.0,1.0,0
-0.06155853345990181,-0.014173426665365696,-0.05950833484530449,0.024701552465558052,-0.00797402672469616,0.0028199157677590847,1.0,1.0,0
-0.06210212782025337,-0.013692774809896946,-0.05454616993665695,0.02136097475886345,-0.007784636225551367,0.003783958498388529,1.0,1.0,0
-0.06259012222290039,-0.013223996385931969,-0.049001432955265045,0.020834216848015785,-0.00758944358676672,0.0038998681120574474,1.0,1.0,0
-0.0630178451538086,-0.012711694464087486,-0.04294682294130325,0.02276887185871601,-0.007419996429234743,0.0033854946959763765,1.0,1.0,0
-0.0633818656206131,-0.01211574301123619,-0.03652237728238106,0.02648768573999405,-0.0072946446016430855,0.0025044549256563187,1.0,1.0,0
-0.06368017196655273,-0.01141515001654625,-0.029904481023550034,0.03113793581724167,-0.007220661733299494,0.00147795130033046,1.0,1.0,0
-0.06395892798900604,-0.010627439245581627,-0.02729031816124916,0.035013195127248764,-0.007774673867970705,-0.01106269657611847,1.0,1.0,0
-0.06424073874950409,-0.009774926118552685,-0.027353152632713318,0.037885382771492004,-0.008599142543971539,-0.01648757979273796,1.0,1.0,0
-0.06451816856861115,-0.008874061517417431,-0.027275508269667625,0.04003606736660004,-0.009053020738065243,-0.009076731279492378,1.0,1.0,0
-0.06479034572839737,-0.007946517318487167,-0.02718767523765564,0.04122446849942207,-0.009088641032576561,-0.0007124980329535902,1.0,1.0,0
-0.06506023555994034,-0.007015254348516464,-0.02714390493929386,0.0413891039788723,-0.00893008429557085,0.0031705214641988277,1.0,1.0,0
-0.0653301253914833,-0.006101122125983238,-0.027141207829117775,0.0406302772462368,-0.008783281780779362,0.002935668919235468,1.0,1.0,0
-0.06560106575489044,-0.005219712387770414,-0.027154486626386642,0.03917418792843819,-0.008726837113499641,0.001128808013163507,1.0,1.0,0
-0.06587286293506622,-0.0043799662962555885,-0.027163993567228317,0.037321802228689194,-0.008740875869989395,-0.00028071022825315595,1.0,1.0,0
-0.06614474952220917,-0.0035836005117744207,-0.027163688093423843,0.03539278730750084,-0.00877619069069624,-0.0007061010110192001,1.0,1.0,0
-0.06641664355993271,-0.002825930016115308,-0.027156680822372437,0.03367361053824425,-0.008799904026091099,-0.00047445614472962916,1.0,1.0,0
-0.0666881576180458,-0.0020974420476704836,-0.027148131281137466,0.032377324998378754,-0.008805038407444954,-0.00010283095616614446,1.0,1.0,0
-0.06690941005945206,-0.0015552425757050514,-0.026298901066184044,0.024116571992635727,-0.004680186044424772,0.08249597996473312,1.0,1.0,0
-0.06713447719812393,-0.0011026645079255104,-0.026033803820610046,0.020123450085520744,-0.001192632014863193,0.06974684447050095,1.0,1.0,0
-0.06737842410802841,-0.001099731889553368,-0.024393294006586075,0.0001316589186899364,-0.0011956461239606142,-5.942911229794845e-05,1.0,1.0,0
-0.0675663948059082,-0.0011028790613636374,-0.018795166164636612,-0.00013871701958123595,-0.0011924596037715673,6.261975795496255e-05,1.0,1.0,0
-0.06769752502441406,-0.0011029505403712392,-0.013109211809933186,-2.794522060867166e-06,-0.0011923915008082986,1.2554926343000261e-06,1.0,1.0,0
-0.06777200847864151,-0.0011029505403712392,-0.0074515617452561855,9.03645968719502e-07,-0.0011924193240702152,-4.2780303033396194e-07,1.0,1.0,0
-0.06778993457555771,-0.0011029505403712392,-0.0017948945751413703,4.0651595867302603e-08,-0.0011924259597435594,-4.862349101131258e-08,1.0,1.0,0
-0.06777753680944443,-0.0011029505403712392,0.0012556358706206083,1.1254368246227386e-06,-0.0012111325049772859,-0.00036353920586407185,1.0,1.0,0
-0.06776370853185654,-0.0011029505403712392,0.0013985547702759504,1.2507155133789638e-06,-0.0012319550151005387,-0.00040494147106073797,1.0,1.0,0
-0.06775884330272675,-0.0011029505403712392,0.0005002532852813601,4.48167156719137e-07,-0.0012393913930281997,-0.0001448418479412794,1.0,1.0,0
-0.06776008754968643,-0.0011029505403712392,-0.0001291563967242837,-1.197491741322665e-07,-0.001237474731169641,3.738742816494778e-05,1.0,1.0,0
-0.06776256859302521,-0.0011029505403712392,-0.00024616249720565975,-2.2096871532539808e-07,-0.0012338124215602875,7.127103162929416e-05,1.0,1.0,0
-0.06776370853185654,-0.0011029505403712392,-0.00011785557580878958,-1.0428349384028479e-07,-0.001232073875144124,3.4124030207749456e-05,1.0,1.0,0
-0.06776370853185654,-0.0011029505403712392,3.3939154491235968e-06,3.6257499225200718e-09,-0.0012321127578616142,-9.677472689872957e-07,1.0,1.0,0
-0.0677633285522461,-0.0011029505403712392,4.044731758767739e-05,3.66831720555183e-08,-0.0012327192816883326,-1.1705081305990461e-05,1.0,1.0,0
-0.06776304543018341,-0.0011029505403712392,2.5149473003693856e-05,2.2893846818305974e-08,-0.0012331000762060285,-7.284853381861467e-06,1.0,1.0,0
-0.06776304543018341,-0.0011029505403712392,3.2026018743636087e-06,2.0403945200087037e-09,-0.0012331459438428283,-9.78725665845559e-07,1.0,1.0,0
-0.06776313483715057,-0.0011029505403712392,-6.0836923694296274e-06,-4.244738782688273e-09,-0.0012330523459240794,1.7463953554397449e-06,1.0,1.0,0
-0.06776323169469833,-0.0011029505403712392,-4.99115822094609e-06,-4.8443014044607935e-09,-0.0012329592136666179,1.4715445786350756e-06,1.0,1.0,0
-0.06776323169469833,-0.0011029505403712392,-1.2750422229146352e-06,-1.1133397537221867e-09,-0.0012329379096627235,4.0529161537961045e-07,1.0,1.0,0
-0.06776323169469833,-0.0011029505403712392,8.013528827177652e-07,1.0847523990165087e-09,-0.0012329507153481245,-2.3327120857175032e-07,1.0,1.0,0
-0.06776323169469833,-0.0011029505403712392,9.432869774173014e-07,1.5301077072038538e-09,-0.0012329700402915478,-3.493703388812719e-07,1.0,1.0,0
-0.06776323169469833,-0.0011029505403712392,3.6156262694930774e-07,1.0777748693513445e-09,-0.0012329748133197427,-7.108359056928748e-08,1.0,1.0,0
-0.06776323169469833,-0.0011029505403712392,-8.368216697363096e-08,-4.799213804140834e-10,-0.001232971204444766,7.973640236969004e-08,1.0,1.0,0
-0.06776323169469833,-0.0011029505403712392,-1.7238320992873923e-07,4.553104282489784e-10,-0.0012329680612310767,7.032767257442174e-08,1.0,1.0,0
-0.06776323169469833,-0.0011029505403712392,-9.44433651284271e-08,-6.976387783436122e-12,-0.001232963870279491,9.088437025184248e-08,1.0,1.0,0
-0.06776323169469833,-0.0011029505403712392,-1.6807330638357598e-08,-2.62468535794369e-09,-0.001232961192727089,6.114727568728995e-08,1.0,1.0,0
-0.06776323169469833,-0.0011029505403712392,3.767576117752469e-08,-1.6726391383059536e-09,-0.0012329668970778584,-9.038148363060827e-08,1.0,1.0,0
-0.06776323169469833,-0.0011029505403712392,4.970507205825925e-08,5.855815832234157e-10,-0.001232971204444766,-9.621618346500327e-08,1.0,1.0,0
-0.06776323169469833,-0.0011029505403712392,4.1438845244101685e-08,3.8146613645650973e-10,-0.0012329764431342483,-9.790606014803416e-08,1.0,1.0,0
