x,v,theta,omega,N1,N2
-0.04456399437492168,0.04653909372423204,0.013269094558410327,-0.020998265615229175,0.4829261004924774,0.6364990472793579
-0.04363321250043704,0.24146826361142143,0.012849129246105744,-0.30946528078089636,0.22821775078773499,0.5385206341743469
-0.03880384722820861,0.04616561707882358,0.006659823630487817,-0.012757953966446134,0.4720771014690399,0.6284764409065247
-0.037880534886632136,0.24119142764350465,0.006404664551158895,-0.3033322086423925,0.21951505541801453,0.5283490419387817
-0.033056706333762044,0.04597878750409565,0.00033802037831104446,-0.008636295584897424,0.457979291677475,0.617365300655365
-0.03213713058368013,0.24109588941044233,0.00016529446661309597,-0.30121255373485195,0.20882366597652435,0.5148459672927856
-0.027315212795471285,0.43621548430659246,-0.005858956608083943,-0.5938433455077828,0.07196906208992004,0.39679154753685
-0.018590903109339436,0.24117603130761706,-0.017735823518239602,-0.30301171077671396,0.17769590020179749,0.4681839942932129
-0.013767382483187094,0.046311280425149065,-0.02379605773377388,-0.015974614406618626,0.3868139982223511,0.5518525242805481
-0.012841156874684113,-0.14846146672669644,-0.024115550021906254,0.2691064115897034,0.6600258350372314,0.6443255543708801
-0.01581038620921804,0.046996183324819224,-0.018733421790112184,-0.031084099411516353,0.38460883498191833,0.5503313541412354
-0.014870462542721657,-0.14785218087101012,-0.01935510377834251,0.25562985928887894,0.6587752103805542,0.6436289548873901
-0.017827506160141858,0.04754069238773048,-0.014242506592564931,-0.04309459897603041,0.3840886354446411,0.5502780675888062
-0.016876692312387247,-0.147374161020817,-0.01510439857208554,0.245060872551782,0.6590700745582581,0.6442724466323853
-0.019824175532803585,-0.34227715759799915,-0.010203181121049901,0.5329414944267914,0.8641090989112854,0.7394692301750183
-0.026669718684763567,-0.14701320258733086,0.0004556487674859267,0.23706112452813688,0.6876335740089417,0.6727491617202759
-0.029609982736510186,0.048102235980868796,0.0051968712580486645,-0.05547804220937186,0.4205023944377899,0.5868932604789734
-0.02864793801689281,-0.14709384329642758,0.004087310413861227,0.23883999617366453,0.6967453360557556,0.6822922229766846
-0.031589814882821365,0.04796947959080183,0.008864110337334518,-0.05255087818330023,0.4320845603942871,0.5985880494117737
-0.03063042529100533,-0.14727844291152373,0.007813092773668514,0.242915514126541,0.7076465487480164,0.6937652826309204
-0.0335759941492358,-0.34251111894877717,0.012671403056199335,0.5380526157341678,0.891056478023529,0.7848884463310242
-0.040426216528211344,-0.14756958610127582,0.02343245537088269,0.24938908446465402,0.7443519234657288,0.7311651706695557
-0.04337760825023686,0.0472100299740523,0.02842023706017577,-0.0358116196819217,0.4971061050891876,0.6596404314041138
-0.04243340765075581,0.2419131444006524,0.027704004666537337,-0.3193939266083553,0.2412824183702469,0.5674600601196289
-0.03759514476274276,0.046407814002458886,0.02131612613437023,-0.01810452779279559,0.4941406548023224,0.6588789224624634
-0.036666988482693584,0.24121768430465731,0.02095403557851432,-0.3039864813806617,0.23805822432041168,0.5653698444366455
-0.03184263479660044,0.4360348428843034,0.014874305950901084,-0.5899880319310782,0.08598267287015915,0.45252862572669983
-0.023121937938914372,0.24070781672991057,0.0030745453122795197,-0.29265701874561595,0.21183447539806366,0.531627893447876
-0.018307781604316162,0.045542164205031765,-0.002778595062632799,0.000993991289871654,0.446179062128067,0.6200491189956665
-0.017396938320215525,0.2407038540854914,-0.002758715236835366,-0.2925643193561721,0.20071467757225037,0.5172473192214966
-0.012582861238505697,0.04562134494393283,-0.008610001623958809,-0.0007527304019963599,0.427773118019104,0.6046946048736572
-0.01167043433962704,-0.14937607466075098,-0.008625056231998737,0.289201248189808,0.7013838291168213,0.6969694495201111
-0.01465795583284206,0.04586779983678735,-0.0028410312682025764,-0.0061894053389732195,0.43577080965042114,0.613797664642334
-0.013740599836106312,-0.1492132919486416,-0.0029648193749820407,0.28559578932901786,0.7094076871871948,0.7062062621116638
-0.016724865675079144,-0.3442928340242788,0.0027470964115983163,0.5773421607397682,0.8913042545318604,0.7940490245819092
-0.02361072235556472,-0.1492094943727419,0.014293939626393679,0.28552590074393486,0.7437692284584045,0.7411098480224609
-0.026594912243019558,0.04570571182466182,0.020004457641272375,-0.0026147655878899223,0.49501216411590576,0.6702131032943726
-0.025680798006526322,-0.14969733502594434,0.019952162329514578,0.2963120778879136,0.7610195875167847,0.7596898078918457
-0.02867474470704521,0.04513458349956223,0.02587840388727285,0.009987915009490589,0.5202890038490295,0.6937220692634583
-0.027772053037053965,0.2398760281709376,0.026078162187462662,-0.2744190433223468,0.25946903228759766,0.6067664623260498
-0.022974532473635213,0.04439188853679135,0.020589781321015726,0.026373575223812618,0.5196771025657654,0.6959277987480164
-0.022086694702899385,0.23921260710908102,0.02111725282549198,-0.2597425927280558,0.2582651674747467,0.6084986329078674
-0.017302442560717765,0.043795658893602735,0.015922400970930863,0.039525484996177584,0.5172618627548218,0.6968721747398376
-0.01642652938284571,0.2386857074490348,0.016712910670854415,-0.24809154371903058,0.2557394802570343,0.6088451147079468
-0.011652815233865013,0.04332910915268781,0.011751079796473803,0.049815796216702735,0.5131431221961975,0.6965884566307068
-0.010786233050811257,0.23828060695742811,0.012747395720807858,-0.23913652244468497,0.2519751191139221,0.6078166961669922
-0.006020620911662695,0.04297889241294239,0.007964665271914157,0.0575398807135315,0.5073762536048889,0.6950699090957642
-0.005161043063403847,-0.1522563470106934,0.009115462886184787,0.35272503803976957,0.7690960764884949,0.7796995639801025
-0.008206170003617716,0.04273480330692361,0.016169963646980177,0.06293037305867033,0.5304720997810364,0.7168614864349365
-0.007351473937479243,0.23762122827737311,0.017428571108153584,-0.22460728570051808,0.2667326331138611,0.6327714323997498
-0.0025990493719317814,0.042254575987641346,0.012936425394143223,0.07352192665216795,0.5284950733184814,0.7187960147857666
-0.0017539578521789546,0.2371887019790954,0.014406863927186582,-0.21505159286018694,0.264752596616745,0.6345787644386292
0.0029898161874029536,0.04186378006384825,0.010105832069982843,0.08214085611437444,0.5254660248756409,0.720043420791626
0.0038270917886799186,0.23683941829279762,0.011748649192270331,-0.20733660296871526,0.2620014250278473,0.6356237530708313
0.008563880154535871,0.0415514547626043,0.007601917132896026,0.0890291491509192,0.5214592814445496,0.7206363081932068
0.009394909249787958,-0.15367863057970008,0.00938250011591441,0.3841007576815024,0.7797406911849976,0.8011842966079712
0.006321336638193956,0.04130886426587346,0.01706451526954446,0.09439080363444724,0.5469281673431396,0.7437564134597778
0.007147513923511426,0.23618212940367944,0.018952331342233404,-0.19285981111822897,0.2811069190502167,0.6656103134155273
0.011871156511585015,0.43102790885994363,0.015095135119868824,-0.47950433990307123,0.10677199065685272,0.5635473728179932
0.020491714688783885,0.2356961466578618,0.005505048321807399,-0.1821022764567896,0.2579623758792877,0.6447238922119141
0.02520563762194112,0.04049585753343257,0.0018630027926716062,0.11231219653271851,0.5153865218162537,0.7280776500701904
0.02601555477260977,0.23559106400894542,0.004109246723325976,-0.17978238282717113,0.2533116340637207,0.6440256834030151
0.03072737605278868,0.040410551574105696,0.0005135990667825534,0.11419402911497262,0.5089607834815979,0.7272367477416992
0.031535587084270796,0.23552513980084883,0.002797479649082006,-0.17832681650506732,0.24823489785194397,0.6427673101425171
0.03624608988028777,0.040363267384360885,-0.0007690566810193405,0.11523730457763753,0.5018771886825562,0.7258933782577515
0.03705335522797499,-0.15474765596119067,0.0015356894105334105,0.40767750040553724,0.764955997467041,0.8046071529388428
0.03395840210875117,0.04035248660041968,0.009689239418644156,0.11547912415692863,0.5246168971061707,0.7469817996025085
0.03476545184075957,0.23533427534116771,0.011998821901782728,-0.17413123837791794,0.26226717233657837,0.6683515310287476
0.039472137347582925,0.040042672118516254,0.008516197134224369,0.12231264834968264,0.523186981678009,0.7500980496406555
0.04027299078995325,0.2350415840243064,0.010962450101218022,-0.16767138106820773,0.26109758019447327,0.6720085144042969
0.04497382247043938,0.03976444555989425,0.007609022479853868,0.12844962196312815,0.5216293334960938,0.7532058358192444
0.045769111381637265,-0.15546567643136544,0.010178014919116431,0.42352335855209017,0.7809286713600159,0.8277940154075623
0.042659797853009954,0.0395106204823788,0.018648482090158236,0.1340663462601241,0.5504251718521118,0.7774909734725952
0.04345001026265753,0.23436055653732454,0.021329809015360718,-0.1526754017148345,0.28563815355300903,0.7076724171638489
0.048137221393404026,0.038939786979271834,0.018276300981064027,0.1466595619192937,0.5559197664260864,0.7855050563812256
0.04891601713298946,0.2337953092770477,0.021209492219449903,-0.14020197482785374,0.2905138432979584,0.7177240252494812
0.05359192331853041,0.42860717192843434,0.018405452722892828,-0.42611892205111757,0.11234691739082336,0.6257660388946533
0.062164066757099096,0.623463652512797,0.009883074281870477,-0.7129432394498326,0.03541765362024307,0.5084606409072876
0.07463333980735504,0.42820626907193726,-0.004375790507126175,-0.4171658914809513,0.09156248718500137,0.579616367816925
0.08319746518879378,0.2331466026437754,-0.012719108336745201,-0.12586567132279058,0.2244044691324234,0.6572611331939697
0.08786039724166929,0.03820915319877513,-0.015236421763201013,0.16277753402702816,0.46635276079177856,0.7368491291999817
0.0886245803056448,-0.15669140268444903,-0.011980871082660449,0.45061509941568734,0.7365263104438782,0.8120465278625488
0.08549075225195582,0.03859793091680436,-0.0029685690943467014,0.15417983099064075,0.4843514561653137,0.7545963525772095
0.08626271087029191,0.23376226082187695,0.00011502752546611395,-0.13943813199983596,0.23071151971817017,0.6757107377052307
0.09093795608672946,0.4288825643713816,-0.002673735114530605,-0.4320847672954044,0.08290296047925949,0.5718536972999573
0.09951560737415709,0.23379857328585044,-0.011315430460438694,-0.1402459038245899,0.20597518980503082,0.6498309969902039
0.1041915788398741,0.4290807438934098,-0.014120348536930491,-0.4364770727043811,0.0716119259595871,0.539836585521698
0.11277319371774229,0.23416149132512223,-0.022849889991018113,-0.14827858575619451,0.1791132539510727,0.616260290145874
0.11745642354424474,0.03937407712766497,-0.025815461706142004,0.1371089793378022,0.39346984028816223,0.6974388957023621
0.11824390508679804,0.23485609164465224,-0.02307328211938596,-0.163605243126334,0.1674545556306839,0.6023432612419128
0.12294102691969108,0.04007191149486111,-0.02634538698191264,0.12171031362157564,0.3735877573490143,0.6842138171195984
0.12374246514958831,0.23556121272884398,-0.023911180709481127,-0.1791665280903924,0.15565359592437744,0.586493968963623
0.12845368940416518,0.04078945008447643,-0.027494511271288977,0.10587838281874073,0.3526320159435272,0.6688944101333618
0.1292694784058547,-0.1539279212186373,-0.02537694361491416,0.38976168163488645,0.6298186779022217,0.7521190047264099
0.12619091998148196,0.04154484666536262,-0.01758170998221643,0.0891869158486478,0.3579344153404236,0.677290678024292
0.12702181691478923,-0.1533207384240088,-0.015797971665243476,0.3762713610831035,0.6373693346977234,0.760766863822937
0.12395540214630905,0.04202199211383692,-0.008272544443581406,0.07864941867035818,0.36752092838287354,0.6892926096916199
0.12479584198858579,-0.1529803976077804,-0.006699556070174242,0.3687108942436264,0.6490684151649475,0.7723382711410522
0.12173623403643018,0.042236102486420984,0.0006746618146982863,0.07392306090812634,0.3816756308078766,0.7049084305763245
0.1225809560861586,0.23734837516976814,0.002153123032860813,-0.21854693095169303,0.16348512470722198,0.6152321696281433
0.12732792358955397,0.042195711639855776,-0.002217815586173048,0.07481440348914048,0.37189534306526184,0.6998783946037292
0.1281718378223511,0.23734938712866213,-0.0007215275163902385,-0.21856742706450666,0.15743252635002136,0.6087327599525452
0.13291882556492432,0.042237757470479725,-0.005092876057680371,0.07388781216973517,0.3606754243373871,0.6933595538139343
0.13376358071433392,-0.15281081267096014,-0.003615119814285668,0.3649595740142104,0.6430022716522217,0.7761725783348083
0.13070736446091472,0.042362327794711024,0.0036840716659985403,0.07113893345497885,0.37614741921424866,0.7100542783737183
0.13155461101680893,-0.15281224590913145,0.005106850335098117,0.3649819218945129,0.6603575944900513,0.7913888692855835
0.1284983660986263,0.042236758367656224,0.012406488772988375,0.07391363809031215,0.3967256247997284,0.7302743792533875
0.12934310126597942,-0.15306083624667252,0.013884761534794617,0.37048489913417393,0.6818692684173584,0.809183657169342
0.12628188454104597,0.041861122573382564,0.021294459517478097,0.08221213293749663,0.4230479300022125,0.7538518905639648
0.1271191069925136,0.2366714500542056,0.02293870217622803,-0.20367700968266234,0.19242417812347412,0.678034782409668
0.13185253599359772,0.04122909143055506,0.018865161982574784,0.09615278967118357,0.42573606967926025,0.7595099210739136
0.1326771178222088,0.2360756495517544,0.020788217775998454,-0.19051901182063047,0.19402559101581573,0.6846852898597717
0.1373986308132439,0.040662565070302414,0.016977837539585844,0.1086485771971703,0.42815089225769043,0.7650954127311707
0.13821188211464996,-0.15469851086894368,0.01915080908352925,0.406639202385631,0.7115514278411865,0.8378307819366455
0.1351179118972711,0.04014671798227118,0.027283593131241873,0.12005494631556168,0.46066761016845703,0.7909564971923828
0.13592084625691653,0.23486735691564234,0.029684692057553107,-0.16389692586562066,0.21952247619628906,0.7254118919372559
0.14061819339522938,0.42955206515923716,0.026406753540240694,-0.4470693155380201,0.0804685577750206,0.6359766125679016
0.14920923469841413,0.23406669905922384,0.01746536722948029,-0.14618081355237417,0.2058352530002594,0.7147176265716553
0.1538905686795986,0.42893423739317005,0.014541750958432808,-0.4333029836134933,0.07379626482725143,0.6209186315536499
0.16246925342746202,0.23360945115510998,0.005875691286162941,-0.13607165750765093,0.18914856016635895,0.6990428566932678
0.16714144245056423,0.038403835109381,0.0031542581360099226,0.158459155451804,0.4183195233345032,0.775862455368042
0.16790951915275185,0.23348048520515768,0.0063234412450460025,-0.13322701367525708,0.18794336915016174,0.7028390169143677
0.172579128856855,0.03826852964430927,0.003658900971540861,0.16144414472636814,0.4166414737701416,0.779190182685852
0.17334449944974117,0.23333790929320306,0.006887783866068224,-0.13008225163699672,0.1870555728673935,0.707096517086029
0.17801125763560524,0.42836051946592546,0.004286138833328289,-0.42058423534483785,0.06543837487697601,0.609870970249176
0.18657846802492375,0.23317810154754218,-0.004125545873568468,-0.12655317677454775,0.16871881484985352,0.6870659589767456
0.1912420300558746,0.42835891092714695,-0.006656609409059423,-0.42053480639179247,0.057489145547151566,0.5840178728103638
0.19980920827441753,0.23333190622347344,-0.015067305536895273,-0.12995780932631862,0.14859338104724884,0.6605469584465027
0.204475846398887,0.03842899863846766,-0.017666461723421643,0.1579337467765463,0.3443976044654846,0.7389557361602783
0.20524442637165635,0.2337993689896987,-0.014507786787890716,-0.14026974762935562,0.1416003555059433,0.6535332798957825
0.20992041375145032,0.03888817454572169,-0.01731318174047783,0.14780113680396034,0.3315679430961609,0.7326220273971558
0.21069817724236475,0.23425371909036233,-0.014357159004398622,-0.15029308218828774,0.13463319838047028,0.6457339525222778
0.215383251624172,0.03934026545622113,-0.017363020648164376,0.13782610620053248,0.3184192478656769,0.7254785895347595
0.2161700569332964,0.2347065468163707,-0.014606498524153726,-0.16028361507104777,0.12761856615543365,0.6369252800941467
0.22086418786962383,0.4300345316782155,-0.01781217082557468,-0.4575384958990917,0.041406650096178055,0.5238185524940491
0.22946487850318814,0.23516886469255696,-0.026962940743556513,-0.17052286478049783,0.10813064873218536,0.5987983345985413
0.2341682557970393,0.04044300525771158,-0.030373398039166468,0.11353361239135562,0.26330098509788513,0.6796519160270691
0.23497711590219353,-0.15423085968111108,-0.028102725791339357,0.396481317782098,0.5269105434417725,0.7607762217521667
0.23189249870857132,0.04127830920157849,-0.020173099435697395,0.0950722474012684,0.2669599950313568,0.68708735704422
0.23271806489260288,-0.15354878601254435,-0.018271654487672026,0.3813229390227039,0.5339489579200745,0.76854407787323
0.229647089172352,0.041827785082585056,-0.010645195707217947,0.08293543384045793,0.27430281043052673,0.6980750560760498
0.2304836448740037,-0.15313996486173734,-0.008986487030408788,0.3722408601475375,0.5455616116523743,0.7791795134544373
0.22742084557676895,0.042108490283480765,-0.0015416698274580377,0.07673801147555748,0.285618394613266,0.7126120924949646
0.22826301538243857,0.23725250847522725,-6.909597946888222e-06,-0.21643091870605757,0.11214464902877808,0.6235371828079224
0.23300806555194312,0.43237455847203643,-0.00433552797206804,-0.5091160251160811,0.03624281659722328,0.5109328031539917
0.24165555672138384,0.23731395621638585,-0.014517848474389663,-0.2178025128456359,0.09616488218307495,0.5877330303192139
0.24640183584571154,0.0424025167810691,-0.01887389873130238,0.07026573852075052,0.2401406615972519,0.6708088517189026
0.24724988618133292,-0.15244383219367863,-0.01746858396088737,0.35693461002164834,0.49796009063720703,0.7543344497680664
0.24420100953745935,0.042922060259261624,-0.010329891760454402,0.058794979849813855,0.24601209163665771,0.6804390549659729
0.2450594507426446,-0.15205026831962995,-0.009153992163458125,0.3482009350551516,0.5080527067184448,0.7638499736785889
0.242018445376252,-0.3470408324812978,-0.002189973462355093,0.6379832907636772,0.7766720056533813,0.8391425609588623
0.23507762872662605,-0.15188841204926165,0.010569692352918452,0.3446115103929408,0.5527176260948181,0.7958787083625793
0.23203986048564082,-0.3471591160632507,0.01746192256077727,0.640608636760261,0.8097802996635437,0.8655016422271729
0.2250966781643758,-0.15228490000719788,0.03027409529598249,0.3534754214819722,0.6077105402946472,0.8313305974006653
0.22205098016423186,0.04239377974036532,0.037343603725621934,0.07049043642556568,0.3502838611602783,0.7835276126861572
0.22289885575903917,-0.15324310116390177,0.038753412454133246,0.374717631156954,0.6438029408454895,0.8536708950996399
0.21983399373576112,0.04130756471653055,0.046247765077272324,0.09450139262165491,0.3894026577472687,0.8130500316619873
0.22066014503009174,-0.15444568512387521,0.04813779292970542,0.40140930387459467,0.6843293309211731,0.8768110275268555
0.21757123132761425,0.039961592808908125,0.05616597900719732,0.12428323495757387,0.437290757894516,0.8437244296073914
0.2183704631837924,0.2342357842827059,0.058651643706348795,-0.15016441027366695,0.20972132682800293,0.7964407801628113
0.22305517886944654,0.4284709677805085,0.055648355500875456,-0.42378250157294056,0.07899337261915207,0.7290995121002197
0.2316245982250567,0.6227622527727315,0.04717270546941665,-0.6984161196517994,0.02539558708667755,0.6357448101043701
0.24407984328051133,0.4270190677976046,0.033204383076380656,-0.3912643344658432,0.06961098313331604,0.7090959548950195
0.25262022463646344,0.6216544317554406,0.02537909638706379,-0.6732961566501952,0.021739108487963676,0.6073843836784363
0.2650533132715723,0.4261890967947899,0.011913173254059887,-0.3727319199645153,0.058820851147174835,0.6792418956756592
0.2735770952074681,0.6211398021197305,0.00445853485476958,-0.6616348370137626,0.017819464206695557,0.5678704380989075
0.2859998912498627,0.8161994327152025,-0.008774161885505671,-0.9529105698828235,0.00488981232047081,0.43257808685302734
0.30232387990416676,0.6211966349506132,-0.027832373283162144,-0.6629972030111859,0.012362551875412464,0.4863456189632416
0.314747812603179,0.42647273468537483,-0.041092317343385865,-0.37920613748991716,0.03204788640141487,0.5491271018981934
0.3232772672968865,0.23195770071060776,-0.04867644009318421,-0.09975763389402564,0.08379144221544266,0.6200057864189148
0.32791642131109866,0.03756594146161474,-0.05067159277106473,0.17717940721241127,0.20976495742797852,0.6960920691490173
0.32866774014033096,0.23337504698474104,-0.0471280046268165,-0.1310483345899447,0.07452116906642914,0.5958864092826843
0.33333524108002577,0.03895876298091025,-0.049748971318615394,0.14640179038590234,0.18897482752799988,0.6732670664787292
0.33411441633964395,0.23475654207931576,-0.046820935510897346,-0.16155167454432973,0.0657789409160614,0.568873941898346
0.33880954718123024,0.04033506231150907,-0.05005196900178394,0.11600061923349114,0.16863727569580078,0.647017776966095
0.3396162484274604,0.23613711497517378,-0.04773195661711412,-0.19204377967872965,0.05747571215033531,0.5383129119873047
0.3443389907269639,0.04172933846513291,-0.051572832210688715,0.08520788581731503,0.14867161214351654,0.6165110468864441
0.34517357749626654,-0.15261686937347826,-0.049868674494342416,0.36118390605356276,0.34545186161994934,0.6999351382255554
0.34212124010879696,-0.3469958189417478,-0.04264499637327116,0.6377345428158955,0.6288873553276062,0.781939685344696
0.335181323729962,-0.1513059573587473,-0.02989030551695325,0.33193279141865806,0.36494365334510803,0.7187179327011108
0.3321552045827871,-0.34598998234726075,-0.023251649688580088,0.6150419448091701,0.6530702710151672,0.8001359105110168
0.32523540493584185,-0.15055099884708728,-0.010950810792396687,0.3151273434142011,0.3940427899360657,0.7438636422157288
0.3222243849589001,0.044725216128851636,-0.004648263924112664,0.019011109929822134,0.17635956406593323,0.667998731136322
0.32311888928147714,0.2399135190748353,-0.004268041725516221,-0.2751347661861811,0.06260409951210022,0.5695215463638306
0.32791715966297386,0.04485272186353445,-0.009770737049239843,0.016198964230164092,0.16597609221935272,0.6542418599128723
0.32881421410024453,-0.15012775213188126,-0.00944675776463656,0.30578316365325076,0.38502243161201477,0.7403302192687988
0.3258116590576069,0.045127534662647684,-0.0033310944915715453,0.010135996507056433,0.17095671594142914,0.6638599038124084
0.32671420975085985,0.2402970995038811,-0.0031283745614304167,-0.2835960664966529,0.06043892726302147,0.5648910403251648
0.33152015174093746,0.04521990768785103,-0.008800295891363476,0.008098548732236421,0.16085131466388702,0.6498771905899048
0.3324245498946945,0.2404669545674622,-0.008638324916718747,-0.28734793454597934,0.056062962859869,0.5478534698486328
0.33723388898604373,0.04546925222489323,-0.014385283607638334,0.0025980699528293516,0.1494564414024353,0.6322747468948364
0.3381432740305416,0.24079452355788764,-0.014333322208581746,-0.2945886501574107,0.05127330124378204,0.5268937945365906
0.3429591645016994,0.04587982135441951,-0.02022509521172996,-0.006460481839106413,0.1369084268808365,0.6104491949081421
0.3438767609287878,0.2412859022545037,-0.020354304848512087,-0.30545542904908113,0.04615435376763344,0.5015198588371277
0.34870247897387785,0.046459833497537295,-0.02646341342949371,-0.019260613251204706,0.12338618189096451,0.5836904644966125
0.3496316756438286,-0.14827280415774885,-0.026848625694517805,0.26495673348173526,0.30145540833473206,0.6726036071777344
0.3466662195606736,0.04722186309954368,-0.0215494910248831,-0.03607212984752678,0.12157262116670609,0.5802327394485474
0.3476106568226645,-0.14758454159130638,-0.022270933621833636,0.2497345715617199,0.29860588908195496,0.6700388789176941
0.3446589659908384,0.04784825528662601,-0.01727624219059924,-0.04988903979953735,0.12043419480323792,0.5779426097869873
0.3456159310965709,-0.14702176520874416,-0.018274022986589984,0.23729340755651118,0.29699036478996277,0.6684892177581787
0.34267549579239603,-0.3418779416529523,-0.013528154835459761,0.5241566071453028,0.5802922248840332,0.7586160898208618
0.335837936959337,-0.14656824177258243,-0.003045022692553705,0.2272417085711046,0.322551965713501,0.6935457587242126
0.33290657212388536,0.04859709344291807,0.001499811478868387,-0.06640017233771378,0.1349884569644928,0.6084916591644287
0.3338785139927437,-0.14654632866526268,0.00017180803211411136,0.2267555760123382,0.32935842871665955,0.7000307440757751
0.33094758741943847,-0.34167073482331656,0.004706919552360875,0.5194926924908504,0.6212695240974426,0.7877631783485413
0.32411417272297216,-0.14661536364194,0.015096773402177882,0.2282967060535942,0.36577826738357544,0.7318626046180725
0.3211818654501334,0.048287628205299915,0.019662707523249764,-0.05958618393341447,0.1619122177362442,0.6571445465087891
0.3221476180142394,-0.14711064724050332,0.018470983844581474,0.23923503561609838,0.38337308168411255,0.7465294599533081
0.31920540506942935,0.04774263080144783,0.023255684556903442,-0.0475648627725902,0.17319440841674805,0.6754867434501648
0.3201602576854583,-0.14770493640972618,0.022304387301451636,0.252363769134632,0.40413105487823486,0.7630441784858704
0.3172061589572638,0.04709153939586408,0.027351662684144275,-0.03320132007147364,0.18702372908592224,0.6963160037994385
0.31814798974518105,-0.1484117504897839,0.026687636282714804,0.26798431383616184,0.42859145998954773,0.7814189195632935
0.3151797547353854,0.046319366413997115,0.03204732255943804,-0.016163113974484,0.20407947897911072,0.7197049856185913
0.31610614206366533,-0.14924717599997117,0.03172406027994836,0.286456373028951,0.45734304189682007,0.8015762567520142
0.3131211985436659,0.04540832057752958,0.03745318774052738,0.003945353493842896,0.22524386644363403,0.7456071972846985
0.3140293649552165,-0.15023019055757356,0.03753209481040424,0.3082059846513596,0.490982323884964,0.8233147859573364
0.311024761144065,0.04433743311277741,0.04369621450343143,0.02759192989905357,0.25165027379989624,0.7737993001937866
0.31191150980632054,-0.15138302938710727,0.044248053101412506,0.3337349920455738,0.530031144618988,0.8462744355201721
0.3088838492185784,0.04308213354967538,0.050922752942323984,0.055327440149567086,0.2847215533256531,0.8038197159767151
0.30974549188957196,0.2374383463742554,0.05202930174531532,-0.22086414824338585,0.11783783882856369,0.744090735912323
0.31449425881705706,0.43177948245233844,0.04761201878044761,-0.496691659037724,0.04061895236372948,0.66152024269104
0.3231298484661038,0.236019638227634,0.03767818559969313,-0.18939201100263064,0.11303962022066116,0.7397854924201965
0.3278502412306565,0.04037946897576675,0.033890345379640516,0.11493472848624225,0.2878488600254059,0.8131043910980225
0.32865783061017184,-0.1552112793480253,0.03618903994936536,0.4181142363027022,0.5761404633522034,0.8757588863372803
0.32555360502321135,0.03937965291642659,0.044551324675419404,0.13705620661289752,0.32495933771133423,0.8408985733985901
0.3263411980815399,0.23383611185670336,0.047292448807677356,-0.1412453018026139,0.13967853784561157,0.7909795641899109
0.33101792031867394,0.4282499586552063,0.044467542771625075,-0.41864121916652297,0.049255095422267914,0.7199298143386841
0.33958291949177805,0.6227145038278309,0.03609471838829462,-0.6969805397831428,0.015296956524252892,0.6219635009765625
0.3520372095683347,0.42711109236562406,0.02215510759263176,-0.3931569870234148,0.04220173880457878,0.6941201686859131
0.36057943141564713,0.23168186705567184,0.014291967852163464,-0.09357202198541542,0.11580701172351837,0.7660447955131531
0.3652130687567606,0.03635801718022971,0.012420527412455156,0.20358552615450964,0.2910512089729309,0.8325732350349426
0.36594022910036517,0.23130016000897016,0.01649223793554535,-0.0851535919875453,0.118592269718647,0.77621990442276
0.3705662323005446,0.03594573310409707,0.014789166095794443,0.21268669601432844,0.2974507510662079,0.8410419821739197
0.37128514696262654,0.23085315057708478,0.019042900016081013,-0.07529460191323079,0.12231098860502243,0.7876119613647461
0.37590220997416823,0.42569700070991406,0.017537007977816398,-0.3619091120084181,0.04159988462924957,0.7114214301109314
0.38441614998836654,0.23033023149142604,0.010298825737648036,-0.06374840425155953,0.11424031853675842,0.7807398438453674
0.3890227546181951,0.4253030206402354,0.009023857652616846,-0.3531642769096856,0.03829924762248993,0.7012726664543152
0.3975288150309998,0.6202954998045164,0.001960572114423133,-0.6429881089135301,0.011424793861806393,0.5930964350700378
0.4099347250270901,0.4251462768669587,-0.010899190063847469,-0.34968842926687665,0.03080098330974579,0.6613144874572754
0.4184376505644293,0.620421528511801,-0.017892958649185,-0.645788207439581,0.008932026103138924,0.5422111749649048
0.43084608113466527,0.42555341853653794,-0.03080872279797662,-0.3587930818093408,0.023621466010808945,0.6075142025947571
0.439357149505396,0.23088267720866712,-0.037984584434163436,-0.07598187332376977,0.06357795000076294,0.678396463394165
0.4439748030495693,0.03632527288126916,-0.03950422190063883,0.20447894117118154,0.16697293519973755,0.7510106563568115
0.4447013085071947,0.23198924111570063,-0.0354146430772152,-0.10039924912654868,0.0582374632358551,0.6642147898674011
0.4493410933295087,0.03739226573980625,-0.03742262805974617,0.18090345709775535,0.15428723394870758,0.7384405732154846
0.4500889386443048,0.23302917874369394,-0.033804558917791064,-0.12334613595461835,0.05321524292230606,0.6487432718276978
0.4547495222191787,0.03840743068035804,-0.03627148163688343,0.15848305172937022,0.1420309841632843,0.7244235873222351
0.4555176708327858,0.23402940001694772,-0.03310182060229602,-0.14541837774897276,0.04842379316687584,0.6315406560897827
0.46019825883312476,0.03939674690226416,-0.036010188157275476,0.13664050973152086,0.13004551827907562,0.708501398563385
0.46098619377117006,-0.15519141253449426,-0.03327737796264506,0.4177488151940854,0.31709024310112,0.7842567563056946
0.4578823655204802,-0.34982636931123995,-0.02492240165876335,0.699757870035163,0.6055903434753418,0.8523670434951782
0.45088583813425537,-0.1543679284210344,-0.01092724425806009,0.3993348296484927,0.34919169545173645,0.8096793293952942
0.4477984795658347,-0.34933317612610537,-0.0029405476650902363,0.6885526956806431,0.645094633102417,0.8737295269966125
0.4408118160433126,-0.5444141925284194,0.010830506248522626,0.9803084353944725,0.8684958815574646,0.9233561754226685
0.4299235321927442,-0.3494390737513259,0.03043667495641208,0.6910470165645854,0.7185646295547485,0.9074505567550659
0.4229347507177177,-0.15475237395485342,0.04425761528770379,0.4080992243432825,0.48754388093948364,0.8852123618125916
0.41983970323862063,0.039715022260554234,0.05241959977456944,0.12969125773287782,0.25360196828842163,0.8535680174827576
0.4206340036838317,0.2340483990827581,0.055013424929227,-0.14600409977861506,0.10360802710056305,0.808022141456604
0.4253149716654869,0.4283411290965984,0.052093342933654696,-0.42083649935027373,0.03587564826011658,0.7425556778907776
0.43388179424741885,0.6226877777546737,0.04367661294664922,-0.6966524937168651,0.011134748347103596,0.6507341861724854
0.44633554980251233,0.4269882091985896,0.02974356307231192,-0.39054624863689097,0.031208571046590805,0.7216517925262451
0.4548753139864841,0.6216756721901073,0.021932638099574103,-0.673704957397498,0.009438665583729744,0.6210105419158936
0.4673088274302863,0.8164860334646868,0.008458538951624142,-0.9594025397152022,0.0026234365068376064,0.4920518398284912
0.48363854809958,0.6212513979642065,-0.010729511842679902,-0.6640742819260115,0.0067846085876226425,0.5509129166603088
0.49606357605886414,0.4262803379678787,-0.024010997481200134,-0.37478894188278755,0.01810772716999054,0.6170310378074646
0.5045891828182217,0.6217349758586381,-0.031506776318855886,-0.6749449439470385,0.005104276817291975,0.48907360434532166
0.5170238823353945,0.4270647135803779,-0.045005675197796656,-0.39234593184026434,0.013304837979376316,0.5500847697257996
0.5255651766070021,0.23260938208092938,-0.052852593834601946,-0.11418549040902343,0.0356704406440258,0.6191126704216003
0.5302173642486206,0.038283013980275477,-0.055136303642782415,0.16136560420858748,0.09630001336336136,0.6935293674468994
0.5309830245282262,-0.1560080292032311,-0.051908991558610666,0.43615743448865835,0.24500149488449097,0.7685575485229492
0.5278628639441616,0.03980883376872782,-0.0431858428688375,0.1275733881963344,0.09415295720100403,0.6922098994255066
0.5286590406195362,-0.15466870171768052,-0.04063437510491081,0.4063250141683188,0.24216356873512268,0.768899142742157
0.5255656665851826,0.041005193795354694,-0.032507874821544436,0.10111323416306311,0.09351796656847,0.6940562129020691
0.5263857704610897,0.23657758581735525,-0.030485610138283173,-0.2016459944119231,0.030595794320106506,0.5948228240013123
0.5311173221774368,0.041904597086214745,-0.03451853002652164,0.08126642525938899,0.08440526574850082,0.6736648678779602
0.5319554141191611,-0.15270596301727368,-0.032893201521333855,0.362861937013944,0.2214042842388153,0.7535620331764221
0.5289012948588157,-0.3473453387421689,-0.025635962781054976,0.6449942129623556,0.4825722277164459,0.8277005553245544
0.5219543880839723,-0.1518756927950794,-0.012736078521807864,0.3443499386013189,0.24404148757457733,0.7776181101799011
0.5189168742280708,0.043425101475308175,-0.005849079749781485,0.04767820048586635,0.0963054746389389,0.708638072013855
0.5197853762575769,0.2386304335215672,-0.004895515740064158,-0.24684440850434403,0.03226710855960846,0.6163399815559387
0.5245579849280083,0.43382195917339794,-0.009832403910151038,-0.5410674643867306,0.009726996533572674,0.5002453327178955
0.5332344241114763,0.23883958093787014,-0.02065375319788565,-0.25149871470362384,0.026735370978713036,0.5740810632705688
0.5380112157302337,0.044018556187689795,-0.025683727491958127,0.03459872319649271,0.0745556578040123,0.6550294160842896
0.5388915868539875,-0.15072584701929764,-0.024991753028028273,0.31906879964666635,0.19958634674549103,0.737964928150177
0.5358770699136016,-0.34548311226562495,-0.018610377035094945,0.603766659470932,0.450557142496109,0.8157567977905273
0.5289674076682891,-0.15010589165323168,-0.006535043845676304,0.3052804431784419,0.2213604599237442,0.7631458640098572
0.5259652898352245,0.04510857479352087,-0.0004294349821074659,0.010543707009449732,0.08588122576475143,0.6913090348243713
0.526867461331095,-0.15000721511439846,-0.00021856084191847127,0.30309111100384845,0.22994326055049896,0.7731819748878479
0.523867317028807,0.04511785031709917,0.005843261378158498,0.010339262960263274,0.09039953351020813,0.7046955227851868
0.524769674035149,0.24015551587333492,0.006050046637363764,-0.2804943318379515,0.03039030358195305,0.6133450865745544
0.5295727843526157,0.4351906447240155,0.0004401600006047335,-0.5712629681074376,0.009218363091349602,0.49864453077316284
0.538276597247096,0.24006252387188348,-0.010985099361544019,-0.27844140814645246,0.025544432923197746,0.5740299820899963
0.5430778477245336,0.04509899289585417,-0.01655392752447307,0.010756689197601477,0.0718812569975853,0.6563984155654907
0.5439798275824507,-0.14978168878874693,-0.016338793740521038,0.29817102749059415,0.1945020705461502,0.7403516173362732
0.5409841938066757,-0.34466697018997955,-0.010375373190709154,0.5856565394504382,0.44438138604164124,0.8185522556304932
0.5340908544028762,-0.1494012414369974,0.0013377575982996097,0.289723406216781,0.2182287871837616,0.767589271068573
0.5311028295741362,-0.34454224293028257,0.00713222572263523,0.582827947155762,0.485343873500824,0.8420134782791138
0.5242119847155305,-0.14952093704864342,0.01878878466575047,0.2924002852387381,0.25142228603363037,0.7993098497390747
0.5212215659745577,-0.34490567008091066,0.024636790370525234,0.5909492331911796,0.5367333292961121,0.8678345680236816
0.5143234525729395,-0.15013715895906757,0.036455775034348825,0.30612760987009185,0.29673999547958374,0.8339401483535767
0.5113207093937582,0.044446844501720234,0.04257832723175066,0.025161162178110485,0.1280537247657776,0.7863317131996155
0.5122096462837926,-0.15125903305892688,0.04308155047531287,0.3309681664788061,0.32963764667510986,0.855319082736969
0.5091844656226141,0.04322403682148793,0.04970091380488899,0.052176301290300986,0.14765222370624542,0.8145069479942322
0.5100489463590439,0.23759940593120804,0.05074443983069501,-0.2244206661025756,0.05483337119221687,0.7566426396369934
0.5148009344776681,0.4319607595275592,0.046256026508643494,-0.5006749534788743,0.018017761409282684,0.6758416295051575
0.5234401496682193,0.6264011664758755,0.03624252743906601,-0.7784291753286852,0.005413345526903868,0.5680046081542969
0.5359681729977368,0.4308001115476379,0.020673943932492306,-0.4745672958248785,0.015013154596090317,0.6407269239425659
0.5445841752286895,0.23539240269085657,0.011182598015994735,-0.17544066345505238,0.04274220019578934,0.7163679003715515
0.5492920232825066,0.4303525444336054,0.007673784746893687,-0.46457497606650394,0.013378415256738663,0.6195826530456543
0.5578990741711787,0.23512300124090613,-0.0016177147744363927,-0.16948321301943536,0.037709902971982956,0.6947401165962219
0.5626015341959968,0.43026807011455526,-0.0050073790348251004,-0.46267604124508865,0.01159584242850542,0.5912970900535583
0.5712068955982879,0.2352172429127444,-0.014260899859726874,-0.1715756317244232,0.03233058378100395,0.6657498478889465
0.5759112404565427,0.04030227690374241,-0.017692412494215336,0.1165745249769895,0.09090980142354965,0.7419608235359192
0.5767172859946176,-0.15456176403020905,-0.015360921994675546,0.4036235421908944,0.2404765784740448,0.8141610026359558
0.5736260507140134,0.040774637032262084,-0.007288451150857658,0.10613757482980629,0.09517205506563187,0.7546197772026062
0.5744415434546587,-0.15424211293081788,-0.005165699654261531,0.39651214445226146,0.2518599331378937,0.8256434798240662
0.5713567011960423,-0.3492903932918626,0.002764543234783697,0.6875619524910062,0.5344089269638062,0.8857361078262329
0.5643708933302051,-0.1542069235241047,0.01651578228460382,0.39575064073760685,0.29252365231513977,0.8548378944396973
0.561286754859723,0.04067684444800207,0.024430795099355956,0.10832027611116057,0.12470115721225739,0.810932993888855
0.562100291748683,0.23544033714204268,0.026597200621579168,-0.1765558425453681,0.04458410665392876,0.748546838760376
0.5668090984915238,0.4301717569481497,0.023066083770671805,-0.4607310068990666,0.01422980148345232,0.6617017984390259
0.5754125336304868,0.23473150526852027,0.013851463632690473,-0.16086778575631538,0.0407649502158165,0.7358640432357788
0.5801071637358572,0.42965244506442,0.010634107917564164,-0.4491489472172259,0.012810946442186832,0.6438550353050232
0.5887002126371457,0.23438170527736454,0.0016511289732196455,-0.15313303011147483,0.036354731768369675,0.7177806496620178
0.593387846742693,0.42947997579012986,-0.0014115316290098513,-0.4452946052715402,0.011239801533520222,0.6195837259292603
0.6019774462584956,0.234378023354114,-0.010317423734440655,-0.1530569583225903,0.03157205879688263,0.6932684183120728
0.6066650067255779,0.03940531137046044,-0.013378562900892461,0.13635327500690608,0.08952585607767105,0.7669690847396851
0.6074531129529871,0.23471630745935898,-0.010651497400754339,-0.16052018123480544,0.029998062178492546,0.6869609355926514
0.6121474391021743,0.03974845346364078,-0.013861901025450447,0.12878352892375122,0.08519379794597626,0.7613005042076111
0.6129424081714471,0.23506620889917612,-0.011286230446975423,-0.16824022499984037,0.02840777486562729,0.6796901226043701
0.6176437323494306,0.040107610357703494,-0.01465103494697223,0.12086096647886418,0.0807742103934288,0.754700779914856
0.6184458845565847,-0.15480140135164125,-0.012233815617394946,0.4088858561000282,0.21839851140975952,0.82485032081604
0.6153498565295519,0.0404918491883032,-0.004056098495394383,0.112371249548537,0.08529125154018402,0.7686147689819336
0.6161596935133179,0.2356716852335456,-0.0018086735044236428,-0.1815885858959917,0.028689365833997726,0.6902658939361572
0.6208731272179888,0.040575661495868665,-0.005440445222343477,0.11052322132707831,0.08222205936908722,0.76523756980896
0.6216846404479062,0.23577514753889103,-0.003229980795801911,-0.18387115755229272,0.027543960139155388,0.6857707500457764
0.626400143398684,0.040699561026183995,-0.0069074039468477655,0.10779108313039965,0.07896436750888824,0.7610554099082947
0.6272141346192077,0.23591981154713632,-0.004751582284239773,-0.18706306749538637,0.026334945112466812,0.6802571415901184
0.6319325308501504,0.040866163960299434,-0.0084928436341475,0.10411714108338233,0.07551214098930359,0.7559309601783752
0.6327498541293565,-0.15413305400858882,-0.006410500812479854,0.3941085533525848,0.20695747435092926,0.8263918161392212
0.6296671930491847,0.04107927227886593,0.0014716702545718423,0.09941140618802219,0.08043947070837021,0.771202027797699
0.630488778494762,-0.15406373970095322,0.003459898378332286,0.39255827807396787,0.22033652663230896,0.8396984934806824
0.6274075037007429,-0.3492346194053222,0.011311063939811645,0.6863300534481713,0.4931146502494812,0.8964551091194153
0.6204228113126365,-0.1542714986233824,0.02503766500877507,0.3972294616754735,0.26142510771751404,0.8691805005073547
0.6173373813401689,0.04048644824513689,0.03298225424228454,0.1125444091135464,0.10972817987203598,0.8302743434906006
0.6181471103050716,-0.15509220442572066,0.03523314242455547,0.415447860242036,0.29273635149002075,0.8878110647201538
0.6150452662165572,0.03951313249369298,0.04354209962939619,0.13407742053966165,0.12766672670841217,0.8555594086647034
0.615835528866431,0.233985217494995,0.04622364804018942,-0.144556891201377,0.04696008563041687,0.8089044690132141
0.620515233216331,0.428415764518054,0.04333251021616188,-0.42230628456698716,0.015451434068381786,0.7415692806243896
0.629083548506692,0.2327075486603197,0.03488638452482214,-0.11628375813285369,0.04541189968585968,0.8083699941635132
0.6337376994798984,0.03710355370193821,0.03256070936216506,0.1871982227843726,0.1320568174123764,0.8672489523887634
0.6344797705539372,0.2317448856046968,0.03630467381785252,-0.09503786259797692,0.04849344119429588,0.823192834854126
0.6391146682660311,0.4263281942947448,0.03440391656589298,-0.3760492673001035,0.015904070809483528,0.7589944005012512
0.647641232151926,0.23073490844561473,0.026882931219890906,-0.0727201976489385,0.04657667130231857,0.8222622871398926
0.6522559303208383,0.03523807641818277,0.025428527266912138,0.22832172361470265,0.13486512005329132,0.8774860501289368
0.6529606918492019,0.22998758348374448,0.02999496173920619,-0.05623291547085135,0.04952292516827583,0.8361407518386841
0.6575604435188768,0.4246669013512979,0.028870303429789163,-0.33930334123841316,0.01622815616428852,0.7753927111625671
0.6660537815459028,0.6193664115095363,0.022084236605020898,-0.6227442140539223,0.004889847245067358,0.6877769231796265
0.6784411097760935,0.4239431707234764,0.009629352323942452,-0.3231885950786123,0.01368806790560484,0.7521904110908508
0.6869199731905631,0.6189266898564696,0.003165580422370205,-0.6128193282491746,0.0040330830961465836,0.6549137234687805
0.6992985069876925,0.4237606428150505,-0.009090806142613289,-0.319141045400514,0.01108045969158411,0.7192620635032654
0.7077737198439935,0.22876933565008983,-0.01547362705062357,-0.02933883072705662,0.031461894512176514,0.7833577990531921
0.7123491065569953,0.03387266469150929,-0.016060403665164702,0.2584221130535563,0.09032674878835678,0.8429785966873169
0.7130265598508255,0.22922017310052611,-0.010891961404093577,-0.03928291561762476,0.030763663351535797,0.785396933555603
0.717610963312836,0.03425609213295777,-0.011677619716446071,0.24994368552121476,0.08875862509012222,0.8450326919555664
0.7182960851554951,0.22954284207640674,-0.006678746006021775,-0.04639960881634492,0.030305853113532066,0.7885919809341431
0.7228869419970233,0.4247599222656311,-0.0076067381823486735,-0.34118223501437733,0.00939468014985323,0.7074211239814758
0.731382140442336,0.6199892706209076,-0.01443038288263622,-0.6362541447081151,0.0026962775737047195,0.5959671139717102
0.7437819258547541,0.42507151417317585,-0.027155465776798525,-0.34815033649915483,0.007245759014040232,0.6598321199417114
0.7522833561382176,0.23034611415526976,-0.03411847250678162,-0.06415265130992637,0.020192747935652733,0.7268770337104797
0.7568902784213231,0.03572952536282692,-0.03540152553298015,0.2175734529050093,0.05771210789680481,0.7931025624275208
0.7576048689285796,0.2313391971345509,-0.03105005647487996,-0.08606308507677751,0.018668008968234062,0.7169408798217773
0.7622316528712706,0.4268921503856739,-0.032771318176415515,-0.38837837581337564,0.005545600317418575,0.6126952171325684
0.770769495878984,0.6224635691464566,-0.040538885692683026,-0.6912110343233386,0.0015302328392863274,0.48122984170913696
0.7832187672619132,0.4279268573245748,-0.054363106379149796,-0.41156087836266964,0.003957714885473251,0.5386565327644348
0.7917773044084047,0.23361601564884912,-0.06259432394640319,-0.13650008381772177,0.010626926086843014,0.6044057011604309
0.7964496247213816,0.039443872456735196,-0.06532432562275763,0.1357970187488433,0.02955937758088112,0.6764863133430481
0.7972385021705163,-0.15468454135548915,-0.06260838524778076,0.4071768663821506,0.08358292281627655,0.7507906556129456
0.7941448113434065,0.04126671250190106,-0.05446484792013774,0.09543102381239715,0.027933791279792786,0.6670683026313782
0.7949701455934446,-0.15303402830014415,-0.0525562274438898,0.3704452089645845,0.07975991070270538,0.7437640428543091
0.7919094650274418,0.04279369369314265,-0.04514732326459811,0.06166479420334353,0.02672017551958561,0.6596013307571411
0.7927653389013046,-0.15165284519831465,-0.04391402738053124,0.33976859616646615,0.0769147127866745,0.7382681965827942
0.7897322819973384,0.044065544563612113,-0.037118655457201916,0.033567464825263404,0.025835271924734116,0.6539430618286133
0.7906135928886106,-0.15050499396962533,-0.03644730616069665,0.3143118581085532,0.07487250119447708,0.7342215776443481
0.7876034930092181,0.04511668397145596,-0.030161068998525584,0.010361082654661458,0.02522076480090618,0.6499752998352051
0.7885058266886472,-0.1495600245414224,-0.029953847345432355,0.293377323966512,0.07350925356149673,0.7315558791160583
0.7855146261978188,-0.3442423882362161,-0.024086300866102115,0.5764647584517988,0.2052750587463379,0.8089921474456787
0.7786297784330944,-0.1487912412748684,-0.012557005697066139,0.2762923893544224,0.08138822019100189,0.7527773380279541
0.775653953607597,-0.34373181175472733,-0.00703115790997769,0.5649885292831032,0.22706958651542664,0.8281174898147583
0.7687793173725025,-0.538754413419375,0.004268612675684373,0.8554480573908958,0.5102027654647827,0.8905345797538757
0.758004229104115,-0.3436908921391217,0.02137757382350229,0.5641104094792119,0.28148314356803894,0.8648712038993835
0.7511304112613326,-0.14887531031823698,0.03265978201308653,0.2782383353487992,0.12396814674139023,0.8290086984634399
0.7481529050549679,0.04576586510749947,0.038224548720062514,-0.0039674604710545625,0.04653695970773697,0.7785475850105286
0.7490682223571179,-0.1498828408619896,0.03814519951064142,0.30052650632665107,0.13932105898857117,0.8481446504592896
0.746070565539878,-0.34552713960179293,0.04415572963717444,0.6049914444163365,0.36373063921928406,0.9041721224784851
0.7391600227478422,-0.5412378609199018,0.056255558525501174,0.9112489522490729,0.6839907765388489,0.9446567893028259
0.7283352655294442,-0.3469203950459897,0.07448053757048263,0.6367642594659471,0.4666330814361572,0.9354521036148071
0.7213968576285243,-0.15291182537173792,0.08721582275980158,0.36843524537962385,0.2545357644557953,0.9225946664810181
0.7183386211210896,0.040869610482442253,0.09458452766739406,0.10447686124997202,0.11342232674360275,0.9042395949363708
0.7191560133307384,-0.15547159712497227,0.0966740648923935,0.4254386759719172,0.3146725296974182,0.9423485994338989
0.716046581388239,0.03815757298517952,0.10518283841183185,0.1647290136669553,0.14946189522743225,0.9299119114875793
0.7168097328479426,0.23162888716477678,0.10847741868517095,-0.09300732935897721,0.060419872403144836,0.9117802381515503
0.7214423105912381,0.4250423212284688,0.1066172720979914,-0.34959233115747107,0.021868443116545677,0.8847658038139343
0.7299431570158075,0.6184991752584954,0.09962542547484199,-0.606843744222344,0.00728280795738101,0.8438361287117004
0.7423131405209774,0.812097387804763,0.0874885505903951,-0.8665596774929702,0.0022513610310852528,0.7815454006195068
0.7585550882770726,1.0059267505617562,0.0701573570405357,-1.1305028847653076,0.0006455741822719574,0.6887018084526062
0.7786736232883078,1.20006344220547,0.047547299345229554,-1.400382206034564,0.00017089494212996215,0.559149444103241
0.8026748921324172,1.0043839004955402,0.019539655224538273,-1.0932209777479285,0.0004200174880679697,0.6061986088752747
0.822762570142328,0.8090100321514104,-0.0023247643304202988,-0.7944718253914176,0.0010652188211679459,0.6580443382263184
0.8389427707853562,0.6139200669162104,-0.01821420083824865,-0.5025211484128156,0.002798911416903138,0.7134163975715637
0.8512211721236804,0.4190595187672572,-0.028264623806504963,-0.21563348858803177,0.007645240984857082,0.7701255083084106
0.8596023624990256,0.22435280435020977,-0.032577293578265595,0.06800123601189245,0.021703360602259636,0.8251234889030457
0.8640894185860297,0.41992630238616285,-0.031217268858027745,-0.23477938641298618,0.0066083581186831,0.7523133754730225
0.872487944633753,0.6154800459606145,-0.03591285658628747,-0.5371434718668242,0.0018730207812041044,0.6481530666351318
0.8847975455529653,0.4208809447016747,-0.04665572602362396,-0.25598914584970306,0.0049885474145412445,0.7065668106079102
0.8932151644469988,0.2264550972709518,-0.05177550894061802,0.021620461892656206,0.013830290175974369,0.7666998505592346
0.8977442663924178,0.03211241879108104,-0.0513430997027649,0.29752863599656315,0.039694320410490036,0.8249474763870239
0.8983865147682394,0.22792724274344994,-0.045392526982833636,-0.010894782558024951,0.012609587050974369,0.756588876247406
0.9029450596231083,0.42366979885688,-0.04561042263399413,-0.31754699613953785,0.003713439917191863,0.6597903370857239
0.9114184556002459,0.22922615286956644,-0.05196136255678489,-0.039589667389455574,0.010232768021523952,0.7235019207000732
0.9160029786576372,0.42505323327672256,-0.052753155904574,-0.3482035969187335,0.0029728750232607126,0.6169682145118713
0.9245040433231717,0.23071973423612713,-0.059717227842948674,-0.07261109697927898,0.008091800846159458,0.6815324425697327
0.9291184380078943,0.4266447127947537,-0.06116944978253425,-0.3835211293123613,0.0023150667548179626,0.5646228790283203
0.9376513322637894,0.23244216502586199,-0.06883987236878147,-0.11073472905532022,0.0062082018703222275,0.6285493969917297
0.9423001755643067,0.42847957294881744,-0.07105456694988788,-0.4243173018080384,0.0017455442575737834,0.5017327070236206
0.9508697670232831,0.23443231582391283,-0.07954091298604865,-0.15485334833001657,0.004597969353199005,0.5626199245452881
0.9555584133397613,0.040534006349299295,-0.08263797995264899,0.1117141626188981,0.012621900998055935,0.6317916512489319
0.9563690934667474,-0.15331254655768664,-0.08040369670027103,0.37722379508630094,0.03595886006951332,0.7063342332839966
0.9533028425355936,0.04285380492662125,-0.07285922079854501,0.06031165569634728,0.011341886594891548,0.609136164188385
0.9541599186341261,-0.15115196744003864,-0.07165298768461806,0.3291465869033453,0.032526422291994095,0.6864222288131714
0.9511368792853253,-0.34518462300314157,-0.06507005594655116,0.5984007881717055,0.09461302310228348,0.7647532820701599
0.9442331868252625,-0.5393386559058755,-0.05310204018311705,0.8698984034502153,0.25755366683006287,0.837144136428833
0.933446413707145,-0.34353612133747585,-0.03570407211411275,0.5610039375476432,0.10907089710235596,0.7913034558296204
0.9265756912803955,-0.14793175467360226,-0.024483993363159887,0.2572896150836664,0.039696067571640015,0.72829669713974
0.9236170561869235,-0.342695749714909,-0.019338201061486558,0.5421504713535694,0.11870982497930527,0.8063138723373413
0.9167631411926253,-0.5375406460633799,-0.008495191634415169,0.8286780917924528,0.3192257285118103,0.873282253742218
0.9060123282713577,-0.34230358952729156,0.008078370201433888,0.533335518067281,0.14747588336467743,0.8415095210075378
0.8991662564808118,-0.5375382173108125,0.018745080562779508,0.8285529190328915,0.3832118809223175,0.9007009267807007
0.8884154921345956,-0.3426774905099525,0.03531613894343734,0.5418239106111618,0.19141703844070435,0.8783894777297974
0.8815619423243966,-0.1480692431857239,0.046152617155660575,0.2604743482545709,0.07975800335407257,0.8471236228942871
0.8786005574606821,0.046364522722394,0.05136210412075199,-0.017301685592576832,0.029417814686894417,0.8028296232223511
0.87952784791513,0.2407136939070803,0.05101607040890045,-0.29334717732568744,0.009960164315998554,0.7401109337806702
0.8843421217932715,0.43507256893449253,0.0451491268623867,-0.5695139680864614,0.003138433676213026,0.6531546711921692
0.8930435731719614,0.23934744809757225,0.033758847500657475,-0.26295613288376635,0.00925575289875269,0.7290382385253906
0.8978305221339128,0.43397166922375485,0.028499724842982146,-0.5448029102567449,0.002867442322894931,0.6366201639175415
0.9065099555183879,0.23846107950045684,0.01760366663784725,-0.24327833304254481,0.00833628699183464,0.711635172367096
0.911279177108397,0.43332721883392206,0.012738099976996355,-0.5303570423543084,0.0025387362111359835,0.612629771232605
0.9199457214850755,0.23802841843522965,0.0021309591299101868,-0.2336877080866847,0.007269378751516342,0.6868350505828857
0.9247062898537801,0.43311985738559133,-0.002542795031823508,-0.5256977005717024,0.0021749672014266253,0.5801807045936584
0.9333686870014919,0.23803378012571527,-0.013056749043257557,-0.23381711165674574,0.006126142106950283,0.6531936526298523
0.9381293626040061,0.04310079559143959,-0.01773309127639247,0.05471886640738499,0.017965907230973244,0.7288537621498108
0.9389913785158349,-0.1517624590316273,-0.01663871394824477,0.3417545360565081,0.054244380444288254,0.8017088174819946
0.9359561293352023,-0.34664377927196155,-0.00980362322711461,0.6291444969563003,0.16052550077438354,0.8658167719841003
0.9290232537497631,-0.5416275558045457,0.0027792667120113967,0.9187238877398726,0.4057120978832245,0.9166966080665588
0.9181907026336722,-0.34654328476067975,0.021153744466808847,0.6269157147052563,0.20564135909080505,0.8975014090538025
0.9112598369384586,-0.15172288612349755,0.033692058760913975,0.34096923517224864,0.08627437055110931,0.8704334497451782
0.9082253792159887,-0.3473076052669132,0.04051144346435895,0.6440834067780059,0.2503150701522827,0.9192618131637573
0.9012792271106504,-0.15277296857705622,0.053393111599919066,0.3644279751426147,0.11113551259040833,0.8998043537139893
0.8982237677391093,0.04155111965682512,0.06068167110277136,0.08904734934718678,0.0429261289536953,0.8718788623809814
0.8990547901322458,0.23575315040171205,0.062462618089715094,-0.18389006932357693,0.015086580067873001,0.8311945199966431
0.90376985314028,0.42992832250142743,0.05878481670324356,-0.4562327492961264,0.0049235220067203045,0.7716852426528931
0.9123684195903086,0.6241720264346162,0.04966016171732103,-0.7298222368105565,0.0014991380739957094,0.6861096024513245
0.9248518601190009,0.42840013916844844,0.035063716981109896,-0.4219323436108247,0.004283080343157053,0.7525707483291626
0.9334198629023699,0.2327994129766271,0.026625070108893402,-0.11840497836700636,0.012753399088978767,0.8158050775527954
0.9380758511619024,0.42752996793876613,0.024256970541553274,-0.4025704385812978,0.004017004743218422,0.7465517520904541
0.9466264505206777,0.622299626136501,0.016205561769927317,-0.6875081281598397,0.0011813961900770664,0.6484355330467224
0.9590724430434078,0.42695653022965807,0.002455399206730522,-0.3897677326208696,0.00327322818338871,0.7134782671928406
0.967611573648001,0.6220435454343346,-0.005339955445686871,-0.6816754866543684,0.0009392174542881548,0.603523313999176
0.9800524445566877,0.4269961616463668,-0.01897346517877424,-0.3906785217526165,0.0025407869834452868,0.6672287583351135
0.988592367789615,0.23214855911755278,-0.02678703561382657,-0.10403758820421605,0.007163894362747669,0.7336553335189819
0.993235338971966,0.42764394735067457,-0.028867787377910892,-0.40504991592993056,0.0021150573156774044,0.6327028870582581
1.0017882179189794,0.2329430213665022,-0.03696878569650951,-0.1216061596389939,0.005884046666324139,0.6997643113136292
1.0064470783463095,0.03836968927681267,-0.039400908889289384,0.1591880725324799,0.017073366791009903,0.7677358388900757
1.007214472131846,0.2340329343158004,-0.03621714743863978,-0.1456598793927093,0.0052930130623281,0.6823093295097351
1.0118951308181618,0.03944785387903421,-0.03913034502649397,0.1353808231723843,0.015332190319895744,0.752081573009491
1.0126840878957426,-0.15509239836680236,-0.036422728563046285,0.415466436578738,0.04595673456788063,0.818779706954956
1.0095822399284065,0.040526333714995394,-0.028113399831471524,0.11152703529480518,0.01540787611156702,0.756195068359375
1.0103927666027064,-0.15418172644267286,-0.02588285912557542,0.3952094647381187,0.046606916934251785,0.8233327269554138
1.007309132073853,-0.34892704492773524,-0.017978669830813046,0.6796208887647615,0.1398138850927353,0.8814514875411987
1.0003305911752982,-0.15356003008516406,-0.004386252055517816,0.3813322827801717,0.05399175360798836,0.8461737632751465
0.9972593905735949,0.041623928567916274,0.0032403936000856186,0.08726960721517374,0.018778463825583458,0.7956820726394653
0.9980918691449533,0.23669928232670168,0.004985785744389093,-0.20438921313267228,0.006053728051483631,0.7239176630973816
1.0028258547914872,0.4317495796967935,0.0008980014817356477,-0.4954952078304744,0.0018242646474391222,0.6251994967460632
1.011460846385423,0.6268588558511993,-0.00901190267487384,-0.7878949916588793,0.0005132862715981901,0.49891504645347595
1.023998023502447,0.4318618423751984,-0.024769802508051428,-0.49806081231073923,0.0013604770647361875,0.5608578324317932
1.0326352603499511,0.23709772889212577,-0.034731018754266214,-0.21328583693027775,0.003753378987312317,0.6301261782646179
1.0373772149277936,0.4326985750675303,-0.03899673549287177,-0.5167190340974916,0.0010767114581540227,0.5078386068344116
1.046031186429144,0.23814680931747723,-0.0493311161748216,-0.2365753896817665,0.0029123222921043634,0.5739204287528992
1.0507941226154935,0.43393756590254984,-0.05406262396845693,-0.5444017121635365,0.0008182766614481807,0.443927526473999
1.0594728739335446,0.2396153351323493,-0.06495065821172766,-0.2692309012325902,0.002163925440981984,0.5041216015815735
1.0642651806361916,0.04547750568920539,-0.07033527623637946,0.0022797478563116313,0.005968354642391205,0.5743723511695862
1.0651747307499757,-0.14856893351675057,-0.07028968127925322,0.27196820941856464,0.01719028688967228,0.6526443958282471
1.0622033520796408,-0.34262117656667773,-0.06485031709088193,0.5416796594146442,0.051205795258283615,0.7341996431350708
1.0553509285483071,-0.14665055376038935,-0.05401672390258905,0.22928900163760368,0.017281346023082733,0.6529157757759094
1.0524179174730994,-0.3409606568810741,-0.04943094386983697,0.5044558451981225,0.05214192718267441,0.7367652654647827
1.045598704335478,-0.5353523910563165,-0.03934182696587452,0.7811605037856376,0.15502600371837616,0.8157569169998169
1.0348916565143516,-0.3397123629706196,-0.02371861689016177,0.47636402443466086,0.060886409133672714,0.765106737613678
1.028097409254939,-0.1442636740755629,-0.014191336401468552,0.17630083325619444,0.021428899839520454,0.6964658498764038
1.0252121357734278,-0.33917968629147527,-0.010665319736344662,0.4644732980244526,0.06658009439706802,0.7801629304885864
1.0184285420475983,-0.5341493148523837,-0.0013758537758556105,0.7537755632591845,0.19861729443073273,0.8538567423820496
